id,title,selftext,author,created_utc,created_date,score,num_comments,url,subreddit,search_query
581lui,Samsung is considering giving Note 7 owners that switched to an S7/S7E the option to swap for an S8/Note 8,"I just saw it on the news here in Korea. If you changed to an S7 line phone they are considering letting you change to an S8 or Note 8 when they release.


EDIT: Somebody on the Note 7 subreddit also saw this, and also provided a link to the news story. 

http://www.asiatoday.co.kr/view.php?key=20161017010009913

It's in Korean but it says Note 7 owners that switch to a S7 phone can swap that one for an S8 or Note 8 when they are released.",CL60,1476759577.0,2016-10-18 10:59:37,146,48,https://www.reddit.com/r/samsung/comments/581lui/samsung_is_considering_giving_note_7_owners_that/,samsung,Galaxy Note 7
52fxnd,Please Return Your Samsung Galaxy Note 7 During The Recall,,swipetounlocknews,1473705925.0,2016-09-13 02:45:25,76,59,http://swipetounlock.com/please-return-your-samsung-galaxy-note-7-during-the-recall/,samsung,Galaxy Note 7
4vjxjb,"If Note 7 Rumors are true, isn't s7 edge better?","Hi all,

As the title suggests...

The Note 7 is rumored to be 5.7"" (0.2"" larger than S7E), with a smaller batter (3,500mAh v 3,600mAh). AND it's rumored to have identical RAM, processor, waterproofing, camera etc to the S7 and S7E.

Am I right in thinking that the only advantage the Note 7 has over the S7E is a larger screen, an iris scanner (gimmicky idea, doubt it will be used more than fingerprints) and the stylus?

This phone will be 5 months older than the S7/S7E, with virtually identical specs, as well as a (presumably) higher price tag than the S7E.

Or am I missing something??",Charrzooka,1470011949.0,2016-08-01 08:39:09,32,61,https://www.reddit.com/r/samsung/comments/4vjxjb/if_note_7_rumors_are_true_isnt_s7_edge_better/,samsung,Galaxy Note 7
4wni3j,Is the Note 7 worth the $200 over the S7 edge?,"Hello, I currently have a Note 3 that I am frustrated with. It freezes all the time, tons of battery issues..

Thinking about getting a Note 7, but the issue with it is that an unlocked version isn't out yet.

 I am considering an unlocked Galaxy S7 edge which costs about $650.

Should I just try to wait until the unlocked Note 7 or go ahead and buy the S7?

",FatRonaldo9,1470615007.0,2016-08-08 08:10:07,22,54,https://www.reddit.com/r/samsung/comments/4wni3j/is_the_note_7_worth_the_200_over_the_s7_edge/,samsung,Galaxy Note 7
50sdb5,Global Note 7 recall official,,YoDup,1472807796.0,2016-09-02 17:16:36,49,44,http://www.theverge.com/2016/9/2/12767670/samsung-galaxy-note-7-recall-fire-risk,samsung,Galaxy Note 7
561616,Replacement Galaxy Note 7 Explodes During Boarding of a Southwest Flight,,GnarltonBanks,1475694244.0,2016-10-06 03:04:04,33,43,http://gizmodo.com/galaxy-note-7-explodes-during-boarding-of-a-southwest-f-1787447287,samsung,Galaxy Note 7
57ieph,The Galaxy Note 7 will be banned from all US airline flights,,kdcurry,1476475445.0,2016-10-15 04:04:05,39,38,http://www.theverge.com/2016/10/14/13288978/samsung-galaxy-note-7-flight-ban-faa-us,samsung,Galaxy Note 7
4wvn6s,Huge pre-order numbers mean Samsung can taste success with the Galaxy Note 7,,JohnnyDoran,1470741077.0,2016-08-09 19:11:17,48,34,http://www.digitaltrends.com/mobile/galaxy-note-7-pre-order-record-beating-news/,samsung,Galaxy Note 7
56pmf7,Samsung temporarily suspends production of Galaxy Note 7,,InsleepTech,1476064945.0,2016-10-10 10:02:25,59,30,http://cnb.cx/2d5MzJn,samsung,Galaxy Note 7
4x2azp,Note 7 Display Gets Record High Max Brightness,,EAGLESWhit,1470838313.0,2016-08-10 22:11:53,31,31,http://swipetounlock.com/note-7-display-gets-record-high-max-brightness/,samsung,Galaxy Note 7
4vu8ni,"News: Samsung Galaxy Note 7 goes official with USB Type-C, iris scanner, water-resistant body and more",,OverturnedCanoe,1470165316.0,2016-08-03 03:15:16,19,22,http://www.sammobile.com/2016/08/02/samsung-galaxy-note-7-goes-official-with-usb-type-c-iris-scanner-water-resistant-body-and-more/,samsung,Galaxy Note 7
4xw4gs,Galaxy Note 7: Is the S-Pen the biggest selling point?,"I have a phone upgrade available this Friday, so I have the choice between the S7 Edge and the Note 7. Personally, I don't know how much I'd use the S-Pen (I've never really used a stylus besides my 3ds). 

From what I've read, the S-Pen is the only major upgrade besides the larger screen. Should I get the Edge for the better battery life/cheaper price? Or should I get the Note because it's the newest toy on the market? ",Codist22,1471298858.0,2016-08-16 06:07:38,12,22,https://www.reddit.com/r/samsung/comments/4xw4gs/galaxy_note_7_is_the_spen_the_biggest_selling/,samsung,Galaxy Note 7
5i3uj9,Samsung to bring Galaxy Note 7‚Ä≤s Y-OCTA display to the Galaxy S8.,,RenegadeUK,1481639291.0,2016-12-13 22:28:11,26,19,http://www.sammobile.com/2016/12/13/samsung-to-bring-galaxy-note-7s-y-octa-display-to-the-galaxy-s8/,samsung,Galaxy Note 7
50hcu8,Samsung suspends Galaxy Note 7 shipments after phones explode while charging,,Diazepam,1472652544.0,2016-08-31 22:09:04,39,14,http://bgr.com/2016/08/31/galaxy-note-7-explosions/,samsung,Galaxy Note 7
4xi09p,24 Hours with the Samsung Galaxy Note 7: Oh Yeah!,,NigelKF,1471070787.0,2016-08-13 14:46:27,30,15,https://youtu.be/Ua8kQtRqzRw,samsung,Galaxy Note 7
5ef6kq,Galaxy Note 7 recall did not damage Samsung brand in US: Poll,,dunkin1980,1479872154.0,2016-11-23 11:35:54,30,14,http://www.cnbc.com/2016/11/21/galaxy-note-7-recall-did-not-damage-samsung-brand-in-us-poll.html,samsung,Galaxy Note 7
522ivy,US to Galaxy Note 7 users: Power down now,,XanderaTheMander,1473502702.0,2016-09-10 18:18:22,18,16,http://www.thejournal.io/a/1076080-us-to-galaxy-note-7-users-power-down-now,samsung,Galaxy Note 7
4zc7h2,Samsung Galaxy Note 7 Reportedly Exploded During Charging,,Diazepam,1472040065.0,2016-08-24 20:01:05,4,16,http://www.androidheadlines.com/2016/08/samsung-galaxy-note-7-reportedly-exploded-during-charging.html,samsung,Galaxy Note 7
51af8t,How to return your Note 7 to AT&T,"I work closely with AT&T and saw their internal communications on the matter so here's what's up:

Ideally, return it to the store you got it from or the closest store to you.  However, if you tell them you can't make it to a store they *will* process the return over the phone and will actually have you hold onto the phone until they send you return instructions (not available as of yet)

They will replace the phone with literally anything.  The communication says to push for other Samsung products, but they are allowed to replace it with any phone, so if you want to take this opportunity to try out something different, then you are welcome to.

Of course, this is all just if you got your phone through AT&T and not through a 3rd party or Samsung.

TL;DR:  Go to a store or call and say you can't get to a store.  Choose your own replacement",RichardMcNixon,1473095565.0,2016-09-06 01:12:45,23,13,https://www.reddit.com/r/samsung/comments/51af8t/how_to_return_your_note_7_to_att/,samsung,Galaxy Note 7
4wuua9,Special Version Of Galaxy Note 7 Confirmed By A Dealer In China.,"Few days ago, SAMSUNG just updated its Galaxy Note 7 official record on China's Ministry of Industry and Information Technology's website. Based on the record, we can see the a special version with 6GB + 128GB will be released. Yesterday, there is a dealer in China also exposed the price and release date of Galaxy Note 7 in China.

From the information we have, the special version is only for China. The price of the normal version is CNY5688 (~USD853), the special version is CNY6088(~USD913). SAMSUNG and other official dealers will accept pre-order on Aug 28th and it will be released on Sep 2nd.

That dealer also said, the Google already optimized Android for 6GB RAM version Galaxy Note 7 and it will be released with the phone.

We don't know the exact model of the special version right now, but we can see there is a SM-N9300, which is the model of normal version, on Geekbench's website with 6GB RAM.",babibada,1470725065.0,2016-08-09 14:44:25,5,14,https://www.reddit.com/r/samsung/comments/4wuua9/special_version_of_galaxy_note_7_confirmed_by_a/,samsung,Galaxy Note 7
4w9nli,china will have a new galaxy note 7 edition with 6GB RAM and 128GB ROM.,"I just checked China's Minister of Industry and Information Technology's website, Samsung has updated their official record, it says there will be a new edition of Note 7 with 6GB RAM and 128GB ROM. Not sure if the CPU will be changed, also. I tried to google something, but nothing helped me know if it's for China only. I hope Samsung will also release this model to other countries. I am considering stopping pre-order Note 7 but waiting for some news.",babibada,1470390584.0,2016-08-05 17:49:44,20,12,https://www.reddit.com/r/samsung/comments/4w9nli/china_will_have_a_new_galaxy_note_7_edition_with/,samsung,Galaxy Note 7
52scvp,Note 7 T-Mobile Experience and Exchange [Rant],"I want to begin by saying I'm a long time supporter of Samsung and their products. From TV's, washing machines, dishwashers, fridges, cords,headsets, and phones I have always stood by them. I am a registered Platinum Member in fact and I just want to make it clear I'm not bashing them in anyway and think they are handling this as best as they can however it is quite a shit show. 

(Feel free to go down to the exchange heading if you are only interested in that however I'd appreciate your time)


* **Purchasing**

I purchased the phone day 2 in store (using Tmobiles old jump program as Im grandfathered into it) and was told it was gonna be mailed as it was out of stock in store. I had travel planned at the end of the coming week and wanted to have the phone for it. In the store I was told 4 business days tops and since it was a Friday and I wasn't leaving until the following Friday that I'd be fine. Trusting in this I opted against going and buying it outright somewhere else and having to deal with activating it. I checked my Tmobile account daily starting Saturday where I saw it said my note 5 was my ""trade device"" and then there was just nothing under the ""new device"" tab. I wasn't concerned figuring it had just went through no big deal. Sunday- nothing no change. Monday-no change and I was at this point figuring the site must have a bug and just not show it. Now I waited until Wednesday to check again seeing then that still no progress had been made. I had received an email the day prior with a tracking number but when I looked it up USPS said nothing was found. So now Thursday morning I decide that there must be a problem as nothing had changed. 

So I call in and the rep asks me for my account info and upon pulling it up she too cant see anything for my new device. She is apologetic but after 15minutes of her trying to get into the account she gives up and says she'll need her supervisor. I wait another 10 minutes and she comes back and says she still wasnt able to totally open the account however she can track it and says its at my local post office and out to be delivered. Great! I thank her and hangup. Where I live they don't deliver mail so when mail is being delivered it just means they are sorting it to your box so I head down to the post office.  I know the postman well and he says he hasn't got anything for me and checks the whole data base and nothing comes up.  So now I'm showing him the tracking number in the email tmobile sent me and he immediately sees that for whatever reason they doubled the numbers up and thats why it wasnt working so he checks the number and is able to tell me that not only have they not shipped it but not even gave it to USPS all they have done it print a label. So I return home and call again to find out why they told me it was shipped. The gentlemen I speak with tells me he's sorry and has no idea where this other agent got this info from. On top of that he's sorry to say that it wont probably ship for a few days still as its back ordered. I ask why no one told me and just get more sorrys. So fast forward to 3 days later I return and finally have the device.


* **Ownership**

Now once I got it I had a little problem transferring my old data using the included connector and cord. Ended up using the old wireless system and synced quickly. Now I had no problems from here on out other than I noticed it got quite warm but I use fast charge battery packs as I'm on the go often so whatever I think nothing of it as my note 3 got warm way back when it had just came out. 

Fast forward to D-Day its top news every where that note 7's are bursting into flames. Shit. So I now begin to only charge while I'm watching it and in a metal bin whatever not a big deal however whats the plan what am I to do with the other 2 million people. 

I get that answer days later when a message is given that all retailers are gonna be issuing some sort of return process and give a loaner phone. Eh well okay at least they are taking care of me. Well not really days go by and I hear what some carriers are doing but nothing from T-Mobile hell not even an email from them that I have a recalled piece of equipment that is a possible hazard to my health. 

Finally I get an email from them that says I have 3 options. 1.sign up to be told when the new phone is ready 2.Switch to a new device totally forever or 3.Return for full refund

I call in to see if I can exchange like I heard other carriers are doing for just a loaner phone. I'm given a resounding NO that I'd be at that point choosing option 3 and returning and that I'd be getting the loaner phone on my own dime and I could just hope that within the 14 day return period that I'd be able to get a new note 7. Ha no way. I'll just be careful with the phone. Now almost a week passes and I got the text from yesterday saying that now they are really gonna take care of me. This is quotation directly from the page.....

""We‚Äôre making it easy for you to exchange your Galaxy Note7 for free.

Just head into one of our retail stores to exchange your device. We‚Äôll take care of the rest. Or you can call us today at 1-844-275-9309. We‚Äôll ship you any device of your choice in our inventory with free next business day shipping. You can keep it or use it as a ‚Äúloaner‚Äù until the new Note7 is available.""

If it looks to good to be true...

* **Exchange**

So after my past experiences there is no way in hell I'm calling in when I'm given the option to handle this in the store as they tend to be a lot more accountable when we are face to face. So I go in and have a group ahead of me in line browsing the store so I sit down on the side and wait. The female rep asks if anyone is here to pay a bill or anything like that, that'll be quick I say yeah I'm just here to exchange for my loaner phone from the note 7 program. She is visibly displeased and lets me know that its a 30 minute process. I say okay thats fine I can wait to which she says well the last one took 45 minutes I say okay thats still fine I can wait. 15 minutes pass and a manager comes from the back letting me know I need to just call in to handle this as the store isnt capable and hands me a paper with the number written down. I let him know that the message I received from T-Mobile said quite the opposite to which he says there is no way he can exchange it in store as the hotline has the only system that allows the process and tells me he's sorry but over the past few days they tried to do it in store and simply couldn't as they don't even have the stock of s7/s7 edges to give out loaner phones.

I finish my errands return home and immediately call and get quickly connected to Amy. Amy is quite chipper and lets me know the process is quite simple and all I need to do is head in the store and I'll be taken care of with an exchange loaner device of my choice. I laugh and let her know what I was told and she becomes concerned and says there is no way that could have happened as, as soon as the store sees a note 7 they are too immediately exchange  for any device even if all they have is Iphones as its considered a liability and safety concern. So I tell her then please note this information exactly on my account and I'll head back in. She notes it all with policy numbers even and I drive back.

Upon arriving the store is armed with different employees from earlier except the female rep running the counter. She immediately goes in the back bringing a new manager who asks me, ""How can I help you?"" I tell him the situation and how I was already here and he says that the number I was given is the only thing he can do to help me. I explain that this is not the case and that I have notes on my account that should explain it clearly. He checks and says that this is old information and is not what his District Officer advised him on. He offers I call from the store phone and just try again. I oblige and speak with John. John tells me within 30 seconds that I can just head into a store to get my loaner. I ask him if he could hold for just one moment and tell that to the T-Mobile manager sitting across from me. They now I kid you not go back and forth for 15minutes telling each other different policys and how each other are wrong. I'm nearly laughing at the ridiculousness of the situation as 2 reps of the same company tell each they don't know policy. He eventually hangs up and tells me he is sorry but these guys on the phone don't know what they are talking about as there ""system doesn't just have a magic loaner button"". I tell him I understand but what am I to do as I'm just getting the run around no matter what I do. He says the main problem is, that my note 7 when I got it had a tax charge as all things do when they leave the store. He says that there is no way for me to get a tax charge in there system therefore he cant give me anything as thatd be illegal. I tell him that I understand the predicament but uhh what do I do? He then tells me he's gonna try a few things with his other employee. They spend 20 minutes and get no where. He then says he is trying to contact the District Officer or someone higher up but it could take a while. Sure why not I can wait. 45 minutes go by and still nothing. Now they are just trying different things in the system and finally come up with a way to get me a new device. However its gonna use an upgrade and also is outside the ""hotline loaner program"" therefore I'm now not entitled to a note 7 when they come out but he says he can make it note but its not legally binding and he cant promise anything. Yeah no way so he says just try and call in again tonight. 

I leave defeated and as I'm driving home I pass Verizon. Out of curiosity I pull over and look up the location and call them. I speak with John and ask him what is the process for the note 7 debacle. He is very friendly and says that for now all his location is doing is giving full refunds and thats it. I come clean and tell him I'm not with Verizon but T-Mobile and tell him my situation. He asks which location did I go too. I tell him and sure enough he says he used to work there and that they are know as the ""idiots of the district who always call in and end up just throwing there hands in the air and give up"" Wow great. He then in detail explains to me what they should have done in the system as he knows it well when he worked there and I tell him the problem with taxes to which he replies should be a non problem as when they refund the first note 7 I should get a credit for the original tax. Nevertheless he tells me to go to this other T-Mobile location he was at and gives me employee names to speak with. I thank him and return home.

Now I decide I'll attempt this hotline one final time. Dana picks up and listens to it all and says she is sorry I'm going through this and can't believe the disconnect from the stores and hotline. She though is able to actually send me a loaner over the phone and works with me to get all the info. She asks what phone I want to which I decide why not try an Iphone 6s+ as I havent had an Iphone since the original 5. So she confirms it all and I think back to a problem I've had in the past when I moved a few months ago. There was a wrong street number which I had called and had ""fixed"" twice in the past so I ask her what address she is sending to and of course its wrong. Jesus Christ, I tell her its wrong and she corrects it and the call concludes telling me to sign my EIP when it comes to my email. 

FINALLY this nightmare is over.... right? Well 2 hours pass and I get the email and sign it. And its now almost midnight, what a day. I get the final confirmation email and read it over. Yep you know it guess what was wrong??? The address. Still. Wrong. 

**(I actually started writing this post at this point but got even more content to write lol)
**
I'm now finally at my wits end, I've kept calm all day and been very understanding but now I'm pretty sure I'm gonna have a heart attack. I call its 12:02am and I speak with Ieasha who hears a very abbreviated gloss over the situation to which I tell her I just need the address fixed on my current shipment. Guess what no she cant. Once the EIP is signed it cant be canceled. She tries for 20minutes and has me explain the whole situation. She then says shes gonna have me talk to a supervisor who she has explained how crazy this has gotten. 

Kendall the head supervisor is now talking to me who says she is gonna put this to bed no matter what it takes right here and now. I tell her that this is my last call to T-Mobile as otherwise I will be going in and demanding full refunds and canceling my 5 year long account with them. I let her know the entire problem and go into detail with the exact disconnects I see between the stores and hotline. I tell her about how I had them even arguing over the phone on what policy was. I conclude the story with telling her that as the customer I have done my due diligence and that this is in her hands to get higher ups to hopefully fix this nightmare of a system. She admits her displeasure with how ridiculous this all is and even laughed at how stupid this must look. She reiterates that she cant cancel this order at this point and has tried. However she is gonna just credit me the entire cost of the Iphone and send it free. Even going as far as to sends case and screen protectors. She asks that I please call in the morning using Dana's direct line and have her deal with calling UPS to stop the shipment when they get it. She says that she'll not be working for 2 days but will make sure that its all dealt with when shes back to be sure there are no problems. She says to also hold my note 7 as collateral until they send me a note 7 in the future which they should call about in the coming weeks.  I thank her and finally set down my phone. 

Its 1am and I have two 800 dollar iphones, case, and screen protectors coming and it only costed me about 7 hours of calls and sitting in the store, a few gallons of gas, and about 98% of my patience.

Morning comes and I call Dana's line as soon as she is supposed to be on duty as I have her hours for the next few days written down. No pickup. I call a few times over the next couple hours and finally decide to just call the note 7 hotline again and the rep sees the note on my account and says she will deal with UPS. 

So that's it not too bad right? I hope my slightly ticked demeanor is understood but this was the craziest experience in recalls I have ever dealt with. Worse than car recalls where I have had family get free cars worth over 20k once all was said and done. I write this to vent and also get the word out that there is a clear problem at T-Mobile that hopefully Kendall gets the word out about. I just want to make sure no one else deals with this and has better experiences. 

My final words are gonna be some lessons learned about this process:

* **DO NOT LET ANYONE HAVE YOUR NOTE 7 wait until you have the new one confirmed being shipped to you or are being handed it in the store.**

* **Do not go into the store they can NOT help you and dont become upset with them for this as they simply lack the system to do so.**

* **Lastly document everything. Who you speak with. Where you go. Whats happening even. Its the best way to cover yourself as this process is being developed.**

I now am just waiting for my Iphone and hoping that it all works out and I dont end up getting charged anything after this all but I'm sure this story will only get crazier when its time to get my  replacement. We shall see. 

Thanks for your time.

**TLDR: Read the last bold area and don't try to go exchange in store!
**

*Also I'm not reading this twice so expect grammatical errors, understand I'm pretty over dealing with this anymore. :)*",T0DDTHEGOD,1473882635.0,2016-09-15 03:50:35,24,11,https://www.reddit.com/r/samsung/comments/52scvp/note_7_tmobile_experience_and_exchange_rant/,samsung,Galaxy Note 7
4vsxao,Samsung Galaxy Note 7 Hands-On,,ilovesojulee,1470150789.0,2016-08-02 23:13:09,32,9,https://www.youtube.com/watch?v=jNpQHMTs_IU,samsung,Galaxy Note 7
5020lc,S Note on the Note 7,"I just bought the Note 7. Was super excited but now I'm deflated with S Note app not being on here and I'm curious as to why it isn't? It's pretty much the main app I use and now it's not here at all. They have Samsung Notes, which is nothing like S Note. I use it primarily for making and editing pics. I tried to download S Note from the Play store and it says my phone isn't compatible. Pretty annoyed right now :/ Any help or advice would be sweet. Thank you.",ultramexicanman,1472426471.0,2016-08-29 07:21:11,6,12,https://www.reddit.com/r/samsung/comments/5020lc/s_note_on_the_note_7/,samsung,Galaxy Note 7
56yucj,"Galaxy S7/S7 Edge production up, likely to cover for Note 7 mess",,anonymous1507,1476202904.0,2016-10-12 00:21:44,10,11,http://eoto.tech/galaxy-s7s7-edge-production-likely-cover-note-7-mess/,samsung,Galaxy Note 7
509ry1,Galaxy Note 7 review: Samsung nearly achieves smartphone perfection,,JohnnyDoran,1472539252.0,2016-08-30 14:40:52,28,9,http://www.zdnet.com/product/samsung-galaxy-note-7/,samsung,Galaxy Note 7
56xe1j,Samsung permanently ends all Galaxy Note7 manufacturing,,theargamanknight,1476182289.0,2016-10-11 18:38:09,103,151,http://www.geektime.com/2016/10/11/samsung-ends-galaxy-note7-manufacturing-as-second-recall-looms/,samsung,Note7
5axli1,"86% of smartphone users would still buy a Samsung phone, despite Note7 disaster.",,RenegadeUK,1478189393.0,2016-11-04 00:09:53,292,45,http://www.techrepublic.com/article/86-of-smartphone-users-would-still-buy-a-samsung-phone-despite-note7-disaster/?,samsung,Note7
57bc4n,Reports claim most Note7 customers are opting for an S7 edge replacement.,,RenegadeUK,1476378107.0,2016-10-14 01:01:47,74,64,http://www.gsmarena.com/reports_claim_most_note7_customers_are_opting_for_an_s7_edge_replacement-news-21051.php,samsung,Note7
56mnhb,[Hot Topic] Samsung Note7 alternatives?,"Here are the alternatives (in alphabetical order) I can think of that haven't as much friction as the Note 7:

* [Apple iPhone 7 Plus](http://www.apple.com/ca/shop/buy-iphone/iphone-7)
* [Asus Zenfone 3 Deluxe](https://www.asus.com/Phone/ZenFone-3-Deluxe-ZS570KL/)
* [Google Pixel XL](https://store.google.com/config/pixel_phone)
* [HTC 10](http://www.htc.com/us/smartphones/htc-10/)
* [LG V20](http://www.lg.com/us/mobile-phones/v20)
* [Motorola Moto Z](http://www.motorola.ca/products/moto-z)
* [OnePlus 3](https://oneplus.net/ca_en/3)
* [Samsung Galaxy S7 Edge](http://www.samsung.com/ca/consumer/mobile-devices/smartphones/galaxy-s/galaxy-s7/)
* [Xiaomi Mi 5s Plus](http://www.mi.com/mi5splus/)
* [Sony Xperia C4](http://www.sonymobile.com/global-en/products/phones/xperia-c4/specifications/) or [Sony Xperia XZ](http://www.sonymobile.com/us/products/phones/xperia-xz)
* [ZTE Axon 7](http://www.ztedevices.ca/axon-cat/axon7.html)

I know all the companies have their own issues, but which one would you go with? If I'm missing any, let me know!",phosen,1476027039.0,2016-10-09 23:30:39,25,75,https://www.reddit.com/r/samsung/comments/56mnhb/hot_topic_samsung_note7_alternatives/,samsung,Note7
56uqut,Samsung officially asking partners to stop sales of Note7,,InsleepTech,1476137715.0,2016-10-11 06:15:15,73,45,https://news.samsung.com/global/samsung-will-ask-all-global-partners-to-stop-sales-and-exchanges-of-galaxy-note7-while-further-investigation-takes-place,samsung,Note7
5her9x,Samsung to SHUTDOWN all Note7 with update,,kdcurry,1481301687.0,2016-12-10 00:41:27,56,26,http://www.theverge.com/circuitbreaker/2016/12/9/13897794/samsung-galaxy-note-7-update-shut-down-inoperable,samsung,Note7
55oobp,"Samsung launches the Galaxy Note7 worldwide, again.",,RenegadeUK,1475514321.0,2016-10-04 01:05:21,71,24,http://www.gsmarena.com/samsung_launches_the_galaxy_note7_worldwide_again-news-20842.php,samsung,Note7
5jd0fx,"Cancelled Samsung Galaxy Note7 still has more users than LG V20, HTC Bolt and OnePlus 3T.",,RenegadeUK,1482236930.0,2016-12-20 20:28:50,94,20,http://www.gsmarena.com/samsung_galaxy_note7_still_has_more_users_than_lg_v20_htc_bolt_and_oneplus_3t-news-22262.php,samsung,Note7
58ab98,Samsung faces lawsuit from Note7 owners who couldn't use their phones,,Diazepam,1476884422.0,2016-10-19 21:40:22,41,15,http://www.computerworld.com/article/3132831/smartphones/samsung-faces-lawsuit-from-note7-owners-who-couldn-t-use-their-phones.html,samsung,Note7
571kfh,"[Discussion] Note7: for the love of gawd, Samsung don't throw the baby out with the bathwater.","The Note platform is an absolute productivity monster. I held on to my Note 2 (which I am back on now, I cannot believe it!) for 4 years because it has helped me do so much. The Note7 was an incredible piece of tech, but the spontaneous combustions wasn't so hot.^ha ^ha ^ha.

Please, please, please keep making stylus phones. Just make them explode less -- or not at all.",In_Parentheses,1476234708.0,2016-10-12 09:11:48,12,15,https://www.reddit.com/r/samsung/comments/571kfh/discussion_note7_for_the_love_of_gawd_samsung/,samsung,Note7
55a3ix,Just got my new Note7,"I've just got my new Note7. Spen feels better it's more solid and my device is overheating. üôÅ

CZ",Zedgar_,1475269797.0,2016-10-01 05:09:57,3,14,https://www.reddit.com/r/samsung/comments/55a3ix/just_got_my_new_note7/,samsung,Note7
50yh9m,US - Samsung details Note7 exchange program [News],,xander42,1472903097.0,2016-09-03 19:44:57,3,14,http://www.gsmarena.com/samsung_announces_galaxy_note7_exchange_program_in_us-news-20322.php,samsung,Note7
4zhnqf,The Best Tempered Glass Screen Protector Available for Quality of Screen and Durability for Note7,,Kalinskym,1472117219.0,2016-08-25 17:26:59,3,11,https://www.reddit.com/r/samsung/comments/4zhnqf/the_best_tempered_glass_screen_protector/,samsung,Note7
5d9sof,For those of you who have recalled nd replaced your Note7 phone...,"Did someone arrive at your residence to replace it or did you get your replacement through the mail? 

I don't have any Samsung stores nearby so I called and said they would ship the replacement. A week later I was called and told by a person that they were going to come in person and deliver it. She had all my information so I'm guessing it isn't a scam but I'm still worried..

Thank you in advance.

Edit: The woman who came was with Verizon, Samsung made them replace my phone instead of my carrier because I bought mine internationally. I guess I'm a special case where there had to be a middleman there to hand over the phone. She was partnered with Stericycle and was legit. She did look sketchy at first but she had paperwork and everything. It seemed very legit to me, but if im billed 800$ in the next month something is wrong. The phone works fine and has everything on it like you'd get in a new one. so idk ¬Ø\\\_(„ÉÑ)_/¬Ø",Shazamo_,1479310557.0,2016-11-16 23:35:57,3,9,https://www.reddit.com/r/samsung/comments/5d9sof/for_those_of_you_who_have_recalled_nd_replaced/,samsung,Note7
4xt995,So excited about the new Note7 in here..,,LaurentyuS,1471263200.0,2016-08-15 20:13:20,23,7,https://i.redd.it/ybsy6hlcfjfx.jpg,samsung,Note7
4vwjad,Discussion: Are the curves on note7 steeper than s7Edge?,"Hi all,

As the title asks...

Which model, between Note7 and S7Edge, has 'steeper' curves?

I've watched a few hands-on videos of the Note7 and I am getting differing information!

Thanks!",Charrzooka,1470194988.0,2016-08-03 11:29:48,7,8,https://www.reddit.com/r/samsung/comments/4vwjad/discussion_are_the_curves_on_note7_steeper_than/,samsung,Note7
53ay2b,Any word on when the Note7 will return?,"I have been wanted to get the Note7 but then the recall happen, just wanted to know if they were going to come back any time soon ",HalfandHoff,1474176288.0,2016-09-18 13:24:48,2,7,https://www.reddit.com/r/samsung/comments/53ay2b/any_word_on_when_the_note7_will_return/,samsung,Note7
4ys56v,Good tempered glass for Note7?,"Looking for any glass that covers a majority of the screen, doesn't have to cover the edges as long as it doesn't fall off, had one of those on a s6 edge and didn't stick at all",replaytheparadox,1471739289.0,2016-08-21 08:28:09,3,7,https://www.reddit.com/r/samsung/comments/4ys56v/good_tempered_glass_for_note7/,samsung,Note7
5719kz,My experience with the Galaxy Note7,,myartdw,1476230707.0,2016-10-12 08:05:07,5,6,https://megapowertech.blogspot.com/2016/10/galaxy-note7-recall-experience.html,samsung,Note7
4y7wb9,Question about Note7 Pre-order deals,"Anyone know how long these Samsung phone deals usually last? Like the preorder and get a free Gear Fit2 watch or free MicroSD deals going on now. Or do new deals usually pop up? Are they usually better/worse than the preorder deals?

Reason I'm asking is because I'm very interested in switching from my 6Plus to the Note7 but I'd like to see what Apple shows off next month first. The current preorder deals are really good though.

Also, the last time I had an Android phone was 2013 (the original HTC One). Have they gotten ""smoother"" to use since? With the HTC One, the whole Android OS felt a bit laggy at times and not really as intuitive as an iPhone. Are Samsung phones different? This is the first time I've really considered switching from an iPhone (the HTC One I was sort of forced into and only had it for a few months) and I just wanna make sure I'm well researchedd before taking the dive. Thanks!",RayFoxII,1471465206.0,2016-08-18 04:20:06,5,6,https://www.reddit.com/r/samsung/comments/4y7wb9/question_about_note7_preorder_deals/,samsung,Note7
55gl9a,"[HELP] Ordered my Note7 on Aug 3, still have phone in a box waiting on Samsung to issue me return...anything?","I ordered my phone directly from Samsung.com, assuming that I would receive the device sooner that way, and avoiding signing a contract. Took almost a month, and I received my device the same day they issued their recall.

Since that point, I have called them a dozen or so times, attempted to do live chat, and attempted email. On the phone, I get transferred at least once, but as many as 5 times, before either being told that I will be contacted at a later date, or there is nothing they can do until the new information comes out (always 'tomorrow'), or I get hung up on.

Live chat defaults to 'We are technical support only' after 20 minutes of typing back and forth.

Email has yet to return any response.

I HAVE received default emails, ie notifications and, most recently, a form to fill out for my a) return and refund; b) return and replace with S device; c) return and replace with a new Note7. The order number in this email was different from the order number on both my shipping label as well as online in my Samsung account. Using the correct order number (the one they provided didn't work), I opted for 'c', was taken to a landing page explaining that I would be receiving my return packaging and information on my replacement within 2-3 days, and received another email with a confirmation number.  This took place on September 22.

Since then, I have called in several times after waiting 5 days, only to begin repeating the process or being hung up on, transferred, or being told that my concerns are important and they will make a note for me (without gathering any information or looking my account up). My online account shows no new orders, or any information about the replacement.

I'm hoping someone here can give me some guidance or phone numbers or anything. After spending nearly $1000 on this phone, it's aggravating to look at it still packaged in it's box.",sladigar,1475377672.0,2016-10-02 11:07:52,4,4,https://www.reddit.com/r/samsung/comments/55gl9a/help_ordered_my_note7_on_aug_3_still_have_phone/,samsung,Note7
4z1idw,[Other] Note7: What apps are pre-loaded?,"Seems they vary based on the carrier. What carrier do you have and what apps were pre-loaded (aka bloatware)? 
",Scasa,1471885106.0,2016-08-23 00:58:26,2,4,https://www.reddit.com/r/samsung/comments/4z1idw/other_note7_what_apps_are_preloaded/,samsung,Note7
4z8w4w,S Pen already stuck in my Galaxy Note7?,It's not retracting when I push it in.. so it won't come out.,Darig0n,1471987781.0,2016-08-24 05:29:41,5,3,https://www.reddit.com/r/samsung/comments/4z8w4w/s_pen_already_stuck_in_my_galaxy_note7/,samsung,Note7
4yejlb,Note7 and Gear VR...must buy new version?,"Can we use the first generation Gear VR with an adapter with the Note7, or do we have to buy their new version? Was really surprised that the new Gear VR wasn't one of the promo options...",wildonrio,1471551750.0,2016-08-19 04:22:30,2,3,https://www.reddit.com/r/samsung/comments/4yejlb/note7_and_gear_vrmust_buy_new_version/,samsung,Note7
4vwsxt,Does Note7 Or s7Edge have more of a curve screen?,"Hi all,

As the title asks... Does the Note 7 or S7Edge have more 'curve' to its screen?

Thanks!",Charrzooka,1470199417.0,2016-08-03 12:43:37,2,2,https://www.reddit.com/r/samsung/comments/4vwsxt/does_note7_or_s7edge_have_more_of_a_curve_screen/,samsung,Note7
50snnw,"Samsung Will Replace, Refund Or Repair All Galaxy Note7s In Australia",,Aced21,1472813860.0,2016-09-02 18:57:40,7,1,http://www.gizmodo.com.au/2016/09/samsung-will-replace-refund-or-repair-all-galaxy-note7s-in-australia/,samsung,Note7
50tlbc,Samsung.com Note7 preorder 20 days ago. How much longer now?,"So I preordered a Note7 Verizon on Samsung.com about 20 days ago. Still ""preparing for shipment"".

Now with the recall going on how long can I expect to wait to get my $1000 pre-ordered phone?",GoodFoBidness,1472827800.0,2016-09-02 22:50:00,6,2,https://www.reddit.com/r/samsung/comments/50tlbc/samsungcom_note7_preorder_20_days_ago_how_much/,samsung,Note7
50uciy,PSA: Recall Process for USCellular Note7,"I just got off the phone with US Cellular regarding their handling of the recall for the Note7.  Below is what they said they are doing:    
 
* Customers with a Note7 is to bring the phone in to a USCC Authorized store for a full refund on all deposits and, if financed, all payments made towards the phone.    
* USCC is also allowing customers to choose a replacement phone of ANY value (in their stock of course) at no charge.        
* If you financed your phone, you will have to obviously make the monthly payment on the new phone but they are not charging the activation fee.    
* Finally, if any accessories were purchased at a USCC store, they are also issuing refunds on those items as well.    

At the time of speaking with the rep, there is no mention from Samsung as to how they will handle replacing the phone or if a new Note7 will be issued.  As far as we know from the interviews with Samsung reps right now, they will not be announcing this info until next week.  Hope this helps you guys and gals.",Tibiryus,1472836794.0,2016-09-03 01:19:54,2,2,https://www.reddit.com/r/samsung/comments/50uciy/psa_recall_process_for_uscellular_note7/,samsung,Note7
4zurzq,"Beyond the Specs: In the End, the Note7 is a Remarkable Phone for Life",,altimax98,1472313014.0,2016-08-27 23:50:14,21,0,http://www.xda-developers.com/note7-remarkable-phone-for-life/,samsung,Note7
529p8o,How the Samsung Note7 recall is handled in France. (XPost from /r/GalaxyNote7) aka Possibly all Note 7s in the world to be deactivated by September 30?,"Credit goes to /u/LimboJr https://www.reddit.com/r/GalaxyNote7/comments/523zui/how_the_samsung_note7_recall_is_handled_in_france/

Every Note7 owner (no matter where you got it, could it be from Samsung itself or your carrier) is at the present time being called by the company to receive a new one by mail starting from Sept. 19th.
The package will include a BNIB phone of your current color, a Gear VR (which was already promised for us pre-orderers) and a prepaid parcel to send the defective device back without charges.
We were also told that every recalled phone will be REMOTELY DEACTIVATED after Sept. 30th. It means that we practically have no other choice than following the procedure.
Some of us requested a commercial gesture for the inconvenience, which will be looked at.",DnB925Art,1473616214.0,2016-09-12 01:50:14,2,1,https://www.reddit.com/r/samsung/comments/529p8o/how_the_samsung_note7_recall_is_handled_in_france/,samsung,Note7
4zw2i5,Using OK Google bypasses lock screen on new Note7,Any ideas how that's possible? ,thecampo,1472329871.0,2016-08-28 04:31:11,2,1,https://www.reddit.com/r/samsung/comments/4zw2i5/using_ok_google_bypasses_lock_screen_on_new_note7/,samsung,Note7
588yiz,Samsung faces proposed U.S. class action lawsuit over Note7,,Timlskamp,1476859755.0,2016-10-19 14:49:15,6,0,https://article.wn.com/view/2016/10/19/Samsung_faces_proposed_US_class_action_lawsuit_over_Note7/,samsung,Note7
526aa3,Samsung Galaxy Note7 Users Urged to Turn Off Phones,,wiseprogressivethink,1473557315.0,2016-09-11 09:28:35,6,0,http://abcnews.go.com/Technology/samsung-galaxy-note7-users-urged-turn-off-phones/story?id=41983208,samsung,Note7
4yjnzt,[Discussion] Note7 dual Sim card question: Can I use this phone as my work and personal phone?,"So I currently have a crappy HTC I use as a personal phone and work is having me get a phone. (Sprint)  

My note 7 is on the way with the new work number but it'll be a phone I own. Naturally I want to use this phone for a lot of personal reasons, as well as work stuff. 

Going into this I was going to have both phones on me, with work calls going to the HTC, (so I can have the ability to shut it off when I'm off work)  and all work emails, reports and personal stuff on the Note 7.

Then I noticed the Note supports two Sim cards. Coulf I just run both cards in the Note 7 and take calls to both numbers on one phone? Anyone do something like this before? What did it look like?

Thanks in advance! ",Tekki,1471621841.0,2016-08-19 23:50:41,2,0,https://www.reddit.com/r/samsung/comments/4yjnzt/discussion_note7_dual_sim_card_question_can_i_use/,samsung,Note7
4z758h,How many of you have shattered your screens already?,"Note7 -Had the phone for literally 2 days and dropped it with a case and it shattered? so much for more shatter resistant screen. 

Anyone has any any recommendations for temered glass screen protectors


EDIT: Forgot for put Note7 in Title.",z0ishi288,1471967484.0,2016-08-23 23:51:24,21,59,https://www.reddit.com/r/samsung/comments/4z758h/how_many_of_you_have_shattered_your_screens/,samsung,Note7
50uvpt,Note 7 owners,I have had the note7 for a week. No problems. Now with this recall are you gonna replace yours? My phone battery has been fine. Last 7am-11pm and I use my phone alot. I usually let it completely die every couple charges. It got hot once but hasnt since. Wondering if its worth the hassle to get a new one. Setting it up can be a bitch.,ANADucks88,1472842873.0,2016-09-03 03:01:13,5,31,https://www.reddit.com/r/samsung/comments/50uvpt/note_7_owners/,samsung,Note7
58pqb9,Samsung confirms the Blue Coral Galaxy S7 Edge is coming.,,RenegadeUK,1477085022.0,2016-10-22 05:23:42,26,23,http://www.androidauthority.com/blue-coral-samsung-galaxy-s7-edge-confirmed-723770/,samsung,Note7
574ooo,Note 7 users,"I'm sure like everyone else, you love the Note 7. What phone are you getting to replace it and why? I've been looking around for the past 2 days and don't really like anything else on the market or even the v20 for not being waterproof and no SD card. I'm even considering iPhone 7 plus now. This whole changing out phones has been a giant waste of my time, spent 9 hours over the course of 2 days at AT&T store for Chaning out devices TWICE already. So frustrated",Usefulidiot84,1476286500.0,2016-10-12 23:35:00,3,24,https://www.reddit.com/r/samsung/comments/574ooo/note_7_users/,samsung,Note7
56kwl1,Samsung knew a third replacement Note 7 caught fire on Tuesday and said nothing,,dunkin1980,1475989992.0,2016-10-09 13:13:12,68,53,http://www.theverge.com/2016/10/9/13215728/samsung-galaxy-note-7-third-fire-smoke-inhalation,samsung,Samsung fire
56suff,Samsung halts Note 7 production after new fire scare: source,,dunkin1980,1476116980.0,2016-10-11 00:29:40,18,1,https://www.yahoo.com/finance/news/u-carriers-halt-samsung-note-005313284.html,samsung,Samsung fire
51i0v9,I know someone who's note 7 exploded,,brodesto,1473202532.0,2016-09-07 06:55:32,111,39,http://imgur.com/LupcPI5,samsung,Note 7 recall
52ye7w,"Samsung and CPSC have officially recalled the Note 7. You can now check IMEI numbers to see if your phone is subject to the recall. Carriers reporting no exact date for new Note 7s set, but Samsung claiming no later than 9/21.",,Instincts,1473973396.0,2016-09-16 05:03:16,71,39,http://www.samsung.com/us/note7recall/,samsung,Note 7 recall
54p6qr,[Other] I want my potentially explosive Note 7 back,"Hey all, basically a short vent here.

I got my replacement device on Friday and honestly have had nothing but issues with the thing. It's incredibly slow, gets easily bogged down by tasks my Note 5 and previous Note 7 handled with ease, games actually stutter (these same games worked flawlessly on my Note 5), both the iris and fingerprint scanners are somehow slower, the battery life isn't as good as my old Note 7, my apps in the secure folder no longer work (but they do outside of it) and the thing gets HOT. I mean, very hot! My original Note 7 was always cool to the touch and I was never worried about it over heating but with this one I'm actually scared it will blow up. 

I'm incredibly disappointed by this replacement device and wish I had just kept my old one. Restoring the device hasn't helped me and I'm not really sure what else I could do. I work for a phone dealer and the thought of sending it to Samsung has crossed my mind but I don't know if it's really a problem that they could fix.

Has anybody else experienced issues with their replacement devices or did I just get a lemon? ",swellblitz,1474954954.0,2016-09-27 13:42:34,11,37,https://www.reddit.com/r/samsung/comments/54p6qr/other_i_want_my_potentially_explosive_note_7_back/,samsung,Note 7 recall
53pacg,My Note 7 Replacement Experience (Canada),"UPDATE 21/09/2016:

Spent another hour on the phone with Samsung, got transferred three times. Again, they said that they will escalate this problem to their manager. 



Hello everyone,

I would like to share my experience with getting a replacement Note 7 unit.

I pre-ordered my Note 7 with Bell Canada and got the phone around September 1st. After receiving the notice for the recall, I submitted the replacement form on September 7th.

The replacement website stated that I ""will be contacted by a Samsung representative within 48 hours."" I heard nothing from them. I also didn't get any email confirmation after I submitted the replacement form.

I also contacted Samsung about the screen protectors and DBrand skins that I had already applied on the current phone(probably about $40CDN total) and asked for some kind of compensation for the amount I spent. After bouncing me around different departments, I ended up at Complaints (I am not sure why) and all I got was a monotonic ""I understand your concern, but Samsung is not going to pay for your accessories.""

Fast forward a few days later, I suddenly received an email from FedEx telling me that I have a package coming, from sender ""STERICYCLE RMS/CANADA"". I have no idea what this company is until I googled online and some users pointed out that it is the Note 7 replacement unit. Again, I was told that they will contact me to confirm the color of the phone and the address.

However, the delivery address is the one that I used to register with my phone carrier. It hasn't been updated for years. This address is certainly not the one I registered the replacement form with. I have no clue how they got this information.

Since Friday, which is the day I received the FedEx notice, I have been contacting Samsung and FedEx trying change the delivery address. With FedEx, they told me that the value on the package is too high for the receiver to change the address.

At Samsung, no one knows how to change the address and no one seemed willing to help out either. The department that handles the Note 7 Replacement says that they only help people with replacement registration and not responsible for anything afterwards. The main customer service line refers me back to the Replacement number.

I have probably wasted 10+ hrs on the phone with them. It was not just the fact that they had no clue what was going on; Samsung customer service's tone and attitude pretty much gave me cancer.

Right now the package is ""Out for Delivery"" at a city no where near where I live and I have no idea what to do.

I am so disappointment with Samsung as a company and how they handle problems like this. It really shows how bad the internal communication is.

I am going to try to get a refund for the Note 7 and change it to either an iPhone or wait until the new Nexus(or Pixel) phones come out. I am done with Samsung for the time being.

Thanks for reading, and I hope the rest of you guys receive your Note 7 replacement without too much trouble. And have a good day! :)
",MrHarBear,1474401525.0,2016-09-21 03:58:45,12,29,https://www.reddit.com/r/samsung/comments/53pacg/my_note_7_replacement_experience_canada/,samsung,Note 7 recall
53ic1k,Note 7: Samsung can no longer take returns (If ordered through Samsung.com),"(I ordered my Note 7 Directly from Samsung.com)

I was on vacation when the whole recall thing started. I finally got home and found out FedEx, UPS, USPS are no longer taking the Note 7 back to Samsung because of the possibility of them exploding (As of 9/16/16). I called Samsung's eCommerce dept and they gave me a new number to call. I called them and they told me to stop using the device and sit on my hands until they figure something out. WTF samsung. Anyone else having issues exchanging their notes through Samsung? (Not talking the people who got their Notes from brick-n-morter stores.)

EDIT from 10/1/16: Still waiting for Samsung to figure out what the hell to do.  I not decided to just return it, tired of this shit customer service.",RainStorm13,1474301744.0,2016-09-20 00:15:44,28,26,https://www.reddit.com/r/samsung/comments/53ic1k/note_7_samsung_can_no_longer_take_returns_if/,samsung,Note 7 recall
50wf7x,For anyone who bought a Note 7 from non-retailers.,"We're pretty much stuck with a ticking time bomb :( and 800 bucks down. 

http://imgur.com/a/UEhNW",SweetThuy,1472862756.0,2016-09-03 08:32:36,4,20,https://www.reddit.com/r/samsung/comments/50wf7x/for_anyone_who_bought_a_note_7_from_nonretailers/,samsung,Note 7 recall
56vmk9,"Samsung officially recalls ALL Note 7 phones, including replacements from the original recall.",,Ramgolf12,1476149186.0,2016-10-11 09:26:26,23,15,http://www.samsung.com/us/note7recall/,samsung,Note 7 recall
5hrjxt,"I know buying and selling is frowned upon, but maybe you guys can help. I want to find a Note 7. New preferred but used is okay. READ!","I know, I know, recall, safety hazard, blah blah blah. I want one for collector's value. It will not ever be powered on, it will sit in the box in a hard protective case in a safe for several years until it's extremely collectible and sought after. That said, IF YOU HAVE ONE, I WANT IT. NAME YOUR PRICE! I WILL PAY UP! Any carrier, any storage, and I don't care if it's the original N7 or the replacement S version. 

I'd be willing to offer AT LEAST $900-1000 to anyone who has one, and if it's new in box sealed, I'd be willing to start around $1200-1300 or even more. I also have some other rare collectible electronics I could trade you. In contract? I'll buy out your contract for you as well so you don't have to trade it in! Over 93% of these devices have been returned so I NEED ONE ASAP!!! Please help, or even help link me with someone who has one! 

In addition, if you can link me to someone who has a Note 7, AND it results in a completed sale, I am willing to offer $100.00 as a finder's fee!

Please, I am NOT kidding around here! I am COMPLETELY SERIOUS! I will pay through PayPal, and have it shipped FedEx with full insurance and signature, hell, if you're in the continental USA, I'll fly to you to pick it up and pay in cash! ",JDB3326,1481481521.0,2016-12-12 02:38:41,3,16,https://www.reddit.com/r/samsung/comments/5hrjxt/i_know_buying_and_selling_is_frowned_upon_but/,samsung,Note 7 recall
521mg3,Who here is still holding on to their Note 7's despite the recall? What precautions are you taking?,"As the title says. I for one can't be arsed to swap my Note 7 to something else, only to swap it back to a Note 7 later. It took me forever to transfer and set everything up this time round. Plus, for AT&T at least, it seems they're only giving you the new phone once you send your current one in, which kinda doesn't give me a lot of options for backing up and transferring my data. So I'm waiting for the fixed Note 7s to come out again, before I do my swap.

I for one have disabled fast charge, kept my phone out of the sun/heat, and only either used OEM chargers or Qi wireless charging. Basically, try to keep the amount of juice you're pumping into the battery minimal - enough for a charge, but not so fast it causes overheating. I also theorized that some of the explosions could've been caused partly by third-party USB-C chargers (the cheapo Chinese ones) that aren't certified (look up the Google guy whose Macbook got fried because of a cheap USB-C charger and started certifying them from now on).

From my limited understanding of batteries in engineering school and from the reports about hot Note 7s before they explode, I'm also minimizing the amount of heat it generates - every time my phone starts to feel warm, I stop charging and cool it under cold water immediately. I also stopped using it while it's charging.",Vorsipellis,1473483078.0,2016-09-10 12:51:18,3,11,https://www.reddit.com/r/samsung/comments/521mg3/who_here_is_still_holding_on_to_their_note_7s/,samsung,Note 7 recall
578ad6,[news] Samsung's Galaxy Note 7 Recall Is an Environmental Travesty,,rxo6110,1476329321.0,2016-10-13 11:28:41,12,10,http://motherboard.vice.com/read/galaxy-note-7-explosion-environmental-impact-recycling?utm_source=vicenewsfb,samsung,Note 7 recall
5b9232,Getting really frustrated with the Note 7 exchange in Australia.,"I am seriously getting frustrated with the Note 7 exchange program here.    
  
I bought a Note 7 from a store in Singapore, was force to leave it behind and had a family member ship the replacement Note 7 to me. And now the saga really begins.  
  
So the 2nd Note 7 recall begins, I go to a Samsung store in Australia, they tell me I have to go through support.  
I call support on October 13 and they say 14-21 buisiness days for processing and I get a replacement Edge 7.    
OK, that's fair organizing this stuff takes time, etc.  
Now, I get a call on Nov 3rd, ""Oh your processing is complete, now wait up to 21 business days  for us to send a courier to your door, no we aren't going to make sure he calls you to arrange some pickup time, it's down to pure luck if you're around at that time, he might leave you a note if he can't find you. "" Well duh, we haven't coordinated jack! Are they just expecting me to be at my apartment for the entirety of the next 21 days?  
  
Oh and they'll be sending me the gift voucher by SNAIL MAIL, and they are only posting it after I make the exchange.  
So that's another week or so of hoping I don't drop my phone face first, or just wasting that money buying the case out of pocket.  
Oh and they were also apparently out of my first choice of color too, they only told me that in Novemeber.  
   
My only question is: WHY?  
Why can't I just go to a service center somewhere, hand in my phone and get the new one. I'd take an Uber to some random warehouse in the outback if it would be faster.  
Why can't they just email me the voucher, or hand it with the courier who is apparently authorized to handle a $1000 device.   
  
I was still a Samsung fan after the first recall, now this second recall is has killed any brand loyalty to Samsung. If one more thing messes up with this process I'm not even going to consider them for my next phone.  

/Rant over",SYLOH,1478335289.0,2016-11-05 16:41:29,11,9,https://www.reddit.com/r/samsung/comments/5b9232/getting_really_frustrated_with_the_note_7/,samsung,Note 7 recall
510gh0,Note 7 Cracked..recall?,"I got a Note 7 through Sprint on release day and noticed last night my phone getting warmer than usual. When I turned on the phone, it had a small crack on the top of screen. Will Sprint still let me return phone for the recall?? thanks ",Noahgreyyy,1472932154.0,2016-09-04 03:49:14,6,9,https://www.reddit.com/r/samsung/comments/510gh0/note_7_crackedrecall/,samsung,Note 7 recall
52emjx,"Is it only the Galaxy Note 7 being recalled, or the Galaxy S7 / Edge? Canada if it matters","I tried googling through some results, but everything I find just talks about the Note 7, although I have heard of the S7 and S7 edge exploding as well.

Is there a Recall on the S7?",HiddenTextInSource_,1473690990.0,2016-09-12 22:36:30,3,8,https://www.reddit.com/r/samsung/comments/52emjx/is_it_only_the_galaxy_note_7_being_recalled_or/,samsung,Note 7 recall
5h18ql,Samsung hasn't shipped me a Note 7 return box yet. I'm moving to another state in two week and I have no idea what to do,"I purchased a note 7 directly from Samsung.com.

After receiving the device, I moved from the west coast to the east coast. Once I heard the news about the recall, I contacted Samsung and informed them that I have moved and that I'm requesting a refund. The agent assured me that shouldn't be an issue and that I should be receiving a return package within 3 to 5 business days. As far as I know, the package went to my old address.

Ever since then, I have been calling Samsung at least twice a week. Every time I call, I get the same answer, we made a mistake, we fixed it and that I should be receiving a return package within 3-5 business days.

I started this process around Oct 11th. It's now Dec 6th. I have called Samsung more than 35 times and I have spent more than 9 hours speaking to various agents and supervisors (have records from Sprint that proves this.)

I'm moving out of the state I'm in now in two weeks. I'm extremely worried that I won't be getting a return package before then. Because I'm not allowed to fly with this phone, I have to leave it behind. It is not fair to lose the money I have spent on this phone because Samsung seems to fail at sending me a package. I'm absolutely desperate.

I have tried reaching out to their their social media team and they referred me back to the phone numbers I have been calling for the last seven weeks. I emailed Samsung ecommerce team and I haven't gotten any responses back. I contacted my carrier (Sprint) and they said they can't do much for me because I bought the phone directly from Samsung.

A typical day for me now: http://imgur.com/WynFXuX",vitareem,1481132246.0,2016-12-08 01:37:26,2,6,https://www.reddit.com/r/samsung/comments/5h18ql/samsung_hasnt_shipped_me_a_note_7_return_box_yet/,samsung,Note 7 recall
51mixz,Note 7 recall question.,So as I was working today my phone hit my leg quite hard and of course damage was done. Right under my home button is a tiny tiny spider crack aboiut a 1/4 the size of the button itself. With the recall are they gonna hit me for stuff like that?,BrodiakBear,1473270325.0,2016-09-08 01:45:25,2,6,https://www.reddit.com/r/samsung/comments/51mixz/note_7_recall_question/,samsung,Note 7 recall
523zdp,Discussion: How long do you think it will take to the Note 7 hit the market again?,Pre-ordered mine and now i'll have to wait longer xD! Really hope it doesn't take long but maybe only in october.,bernard0z,1473526583.0,2016-09-11 00:56:23,5,5,https://www.reddit.com/r/samsung/comments/523zdp/discussion_how_long_do_you_think_it_will_take_to/,samsung,Note 7 recall
51na1m,Anyone been able to exchange a recalled Note 7 for a new Note 7 yet?,,morriwi,1473279061.0,2016-09-08 04:11:01,4,5,https://www.reddit.com/r/samsung/comments/51na1m/anyone_been_able_to_exchange_a_recalled_note_7/,samsung,Note 7 recall
50vfxn,Returned Note 7 to T Mobile for recall.,"I went today to the T-Mobile store to see what was going on. First, T mobile website claims that the Note 7 devices can be turned in for a full refund (or whatever you've paid on lease/jump) In addition, any accessories can be returned.

The T-Mobile reps were probably the worst, none of them knew anything. I had to explain to them the post on their own website, the TMobo Manager was dumbfounded. All they knew was to stop selling Note 7 devices. So the manager called HQ or whatever is there store's head. They further prompt her to take my device(Note 7) and:

Option 1:
-Refund any payment made for the phone ($69.99 upfront cost and a monthly charge $40) 
-I brought back the S view case (without packaging and Gear VR) and they provided a full refund to my card. (No, restock fee) 
-Third they drop a Jump! on Demand and let me Jump! to another phone (I took the iPhone 6S for now, maybe wait for the note 7 or iPhone 7 ill see.)

Option 2:

-Keep your Note 7, let them put a note and request on your account that you want a new Note 7 and wait an estimate of two weeks for new stock of Note 7 that are ""fixed"" They told me it will be a brand new box/phone that I will receive.

Note: 
I took option 1, because I didn't want the Gear VR and S View Case so I found the perfect opportunity to get a refund. Also, GO TO YOUR THE T MOBILE YOU BOUGHT YOUR PHONE. I went to a different T mobile store they sent me to my original store. My phone also had hairlines cracks and they still took it. Maybe everyone will have different experiences, but here was mine. Overall, company policy was great no complaints, the T mobile reps sucked.

Edit: Also got to keep my Netflix sub too.",Yimyorn,1472849687.0,2016-09-03 04:54:47,2,5,https://www.reddit.com/r/samsung/comments/50vfxn/returned_note_7_to_t_mobile_for_recall/,samsung,Note 7 recall
59myob,Samsung‚Äôs Q3 profits are way down after Note 7 recall,,theargamanknight,1477557782.0,2016-10-27 16:43:02,7,4,http://www.theverge.com/2016/10/27/13431750/samsung-q3-profits-down-note-7,samsung,Note 7 recall
58dawf,What's the best way to contact Samsung about not being pleased with how they handled the note 7 recall?,,FalconsFever,1476916652.0,2016-10-20 06:37:32,6,4,https://www.reddit.com/r/samsung/comments/58dawf/whats_the_best_way_to_contact_samsung_about_not/,samsung,Note 7 recall
51pecv,[Help] Note 7 Recall - Backup using MicroSD Smart Switch?,"Hey everyone,

Soon I'll be going for the exchange program, and where I'm from we are only offered the option of backing up through Smart Switch via MicroSD card or Smart Switch PC. 

I've only used the Smart Switch via USB Cable and everything was exactly the same(home screen, wallpaper & apps etc) when transiting from my old Note Edge to the Note 7.

My question is, does Smart Switch via MicroSD work the same as via USB? It seems to have backup'ed everything I have selected to my MicroSD card, and just need to insert and restore into the new set, but I have no way to find out if it's the same as Smart Switch via USB. Anyone have experience from doing this and can share some insight? Much appreciated.

EDIT: Does content in the Shared Folder get backed up too?

[Here's the Image](http://imgur.com/a/3JwMq) of the provided How-to in case anyone needs it.

",NutellaDiamonds,1473306133.0,2016-09-08 11:42:13,13,3,https://www.reddit.com/r/samsung/comments/51pecv/help_note_7_recall_backup_using_microsd_smart/,samsung,Note 7 recall
51r7g1,I'm guess the promotion still goes on when the note 7 becomes available again?,,SweetThuy,1473340112.0,2016-09-08 21:08:32,16,2,https://i.reddituploads.com/dde8a102cf814c219d721a80f2ff1229?fit=max&h=1536&w=1536&s=0d438a6ec1f25314734e35b0e84e07c0,samsung,Note 7 recall
52unyq,How do I return Note 7 from Samsung.com?,"I've been trying to return this Note 7, and have called on several separate occasions to orchestrate an exchange.  Two weeks ago on Wednesday I called and asked for a return, and they said that they would send me an email with a return slip.  This Monday, I called back and asked them again for a refund, and they said that it would take 3 business days for FedEx (not samsung) to send me a return slip.  Tomorrow is the last day that they have to send me this shipping email.  If they don't send me a return slip, what are my options here? I checked out online as a guest, so I cannot initiate a return through the website.  I know no-one would buy this since its a pre-recall Note 7, so what real options do I have?",Rgcolli1,1473915558.0,2016-09-15 12:59:18,3,3,https://www.reddit.com/r/samsung/comments/52unyq/how_do_i_return_note_7_from_samsungcom/,samsung,Note 7 recall
5c3do3,Issue with note 7 recall,"Just thought I would share my predicament and maybe reach out to others for some suggestions:

So I bought a Note 7 within the first few days of the launch here in Canada from a local Best Buy. 

¬†

Since I used a Note 4 for personal use on a grandfathered Telus plan¬†and a Note 5 for a work line, I was planning on using the Note 7 as my new personal line phone. 

¬†

However, since Best Buy would not sell the phone outright to me in the color that I wanted, I was forced to start a 2 year contract with them for a 3rd line, paying the approximately $600-700 for the 2 year contract, which I immediately cancelled and transferred the phone to my personal line, fully expecting Telus to charge me the remainder of the phone (Approx. $400).

¬†

Now this would normally be no issue whatsoever, but now due to this recall, I must return this phone.


Having spoken at length several times with both Best Buy (the purchasee) and Telus ( the service provider, they have both stated that I can either:

¬†

A) return the phone and case to Best Buy for the amount they charged me (~$600)

¬†

¬†¬† OR

¬†

B) return the phone to telus for a refund (~$500)

¬†

My only other recourse would be to work with Samsung directly, which comes from the advice from both above parties, but all I've been able to do is email their enrsupport@samsung which just asks for info on shipping. That was last week and I have not heard a reply,  and even then I don't know if they will refund me the full amount or just what I have on the best buy receipt. 

¬†

This creates a problem for me as I am now out either $600 or $500 for something that is not my fault. I currently do not want to trade for an S7 Edge, as I feel it is outdated after using the Note 7 which has been my favorite phone to date by a large margin, and the only other phone I would want is a S8 which is a long time away, Which is why I am seeking to get a full refund, and revert back to my note 4 for the time intrim.

¬†
Anyone who might have been in this situation find a resolution?",captainmavro,1478722101.0,2016-11-10 04:08:21,2,1,https://www.reddit.com/r/samsung/comments/5c3do3/issue_with_note_7_recall/,samsung,Note 7 recall
56q8i5,Samsung recall crisis deepens; Yonhap reports Note 7 production halt,,ksweeley,1476072880.0,2016-10-10 12:14:40,2,0,http://www.reuters.com/article/us-samsung-electronics-smartphones-idUSKCN1290XH,samsung,Note 7 recall
52ablo,Note 7,When will the UK see other colours other than black and blue? I'd rather silver/gold. I had my pre order for black refunded after the recall and holding onto my iPhone 6 plus still waiting for them to sort the recall out.,jonnyflit,1473623559.0,2016-09-12 03:52:39,2,0,https://www.reddit.com/r/samsung/comments/52ablo/note_7/,samsung,Note 7 recall
59ppwi,"Cracked S7 Edge screen, options?","So the other day I dropped my S7 Edge and messed the screen up pretty bad. On top of that, the display is now super bright and barely usable. Everything still seems to work otherwise.

I called around the local repair shops/kiosks and everyone says about $400 to repair it. I called Samsung and they said they would do it for $260 but then immediately told me that their repair program is ""temporarily"" suspended due to business conditions (aka Note 7 recall). I was directed to a Best Buy where there's a Samsung rep, was told they could fix it there, but then when I got there the guy told me that he couldn't. Called Samsung again and was told about walk-in service centers in NJ, NYC, and LA, the closest of which is not even an option.

I'm just incredibly frustrated that it seems like my only option is to pay a third party $400 to fix it. I understand it's my fault that I dropped it but I feel like Samsung has completely hung me out to dry. Everyone I talk to is in shock by how much a screen replacement costs for this phone.

Does anyone have any other suggestions? All I want is to pay for Samsung to fix it so I know it's a quality repair.",mmuoio,1477593965.0,2016-10-28 02:46:05,7,22,https://www.reddit.com/r/samsung/comments/59ppwi/cracked_s7_edge_screen_options/,samsung,Note 7 recall
52hxiu,Is the Gear VR worth it?,Thinking of exchanging my note 7 in for thr recall and switching it to the edge specifically for the free Gear vr promo and wondering if it's worth it?,jayjay81190,1473729816.0,2016-09-13 09:23:36,4,19,https://www.reddit.com/r/samsung/comments/52hxiu/is_the_gear_vr_worth_it/,samsung,Note 7 recall
5kpx36,Holding out hope for S8...,"So, I work for Samsung... I LOVED the Note7. Everything about it was great... exept for the whole blowing up flaw. Rumors abound say that Samsung will likely stop continuation of the Note line, and that the Galaxy S line will be the flagship going forward. That said, one of the best things I loved about the Note was the bigger screen, and the s-pen. I can live without the pen, but if the actual phone size rumors of 5.5 and smaller are to be believed, I think I will be done with Samsung phones for the forseeable future. I reverted back to my Note3 when they forced the Note7 Recall and it's beginning to show it's age. I'd REALLY like for the 6.2 rumor to be true, but I could live with 5.7, anything less than 5.7 and i'm outtie...",Aviconus,1482926562.0,2016-12-28 20:02:42,9,12,https://www.reddit.com/r/samsung/comments/5kpx36/holding_out_hope_for_s8/,samsung,Note 7 recall
51pf5f,Other: After seeing today's iPhone 7 Launch...,"I just want Samsung to let me purchase a Note 7! Seriously, recall be damned, how long until I can get one on AT&T in the states?



**EDIT** According to Samsung's live chat support, the Note 7 will be back in stock as of next week!",MoreThanLuck,1473306443.0,2016-09-08 11:47:23,7,13,https://www.reddit.com/r/samsung/comments/51pf5f/other_after_seeing_todays_iphone_7_launch/,samsung,Note 7 recall
513fbr,Anyone have any idea when samsung will start sending out note 7's again?,"AS we know, over 20 note 7's has exploded due to faulty batteries out of 1 mill, and a few days ago they recalled lots of the note 7's. But do anyone know how long time it will take until it gets an official date again? Cause me and my GF awaits our upgrade as i have preordered, but she couldn't. (her note edge suffers from heavy battery drainage with wifi and other deffects that waranty apparently doesn't give 2 shits about because samsung's software department sucks)",Silithas,1472983930.0,2016-09-04 18:12:10,3,12,https://www.reddit.com/r/samsung/comments/513fbr/anyone_have_any_idea_when_samsung_will_start/,samsung,Note 7 recall
5farsu,Samsung Korea basically stole my money.,"I've never done a chargeback before, so I'm not sure entirely about them, but should I in this case? I used a foreign credit card to purchase my Note 7, upon exchanging it for the recall I got an S7 Edge and they made me pay for the S7 Edge and were going to refund the Note 7 amount to me in a few days, but now today they call and literally tell me ""Yeah we can't refund it, dunno what we should do. I'll call you back in 4 weeks."" What the fuck is that shit? 4 weeks they say they'll contact me, and they tell me literally nothing about how I'll get my 1000 dollars back? 

It actually gets even worse, the guy at the Samsung service center when pressed for more information about how I'm going to get my money back told me he doesn't want to deal with me anymore and hung up.",CL60,1480324616.0,2016-11-28 17:16:56,2,7,https://www.reddit.com/r/samsung/comments/5farsu/samsung_korea_basically_stole_my_money/,samsung,Note 7 recall
58t6hm,Help with restoring Samsung backup without Samsung phone.,"Hi all, due the Note 7 recall I returned my Note 7 and am now using the Pixel (Don't hate >_>). Unfortunately I made the mistake of using Samsung account to backup contacts and texts etc.

Does anybody know a way of restoring data from a samsung backup with a samsung phone? 

Thanks.",HatTheJack,1477143807.0,2016-10-22 21:43:27,4,5,https://www.reddit.com/r/samsung/comments/58t6hm/help_with_restoring_samsung_backup_without/,samsung,Note 7 recall
54ic1q,Samsung Wireless Quick Charger Issue,"I have used this charger with a pre-recall Note 7 and 2 S7E's without any issue.  On my new Note 7 it won't connect on quick charge, it just says Wireless Charging and it's not charging the phone faster than the battery is draining.  Any ideas on how to trouble shoot this?",Markinlv,1474854094.0,2016-09-26 09:41:34,3,5,https://www.reddit.com/r/samsung/comments/54ic1q/samsung_wireless_quick_charger_issue/,samsung,Note 7 recall
52gnbl,Need Verizon replacement advice,"I read through the Verizon release concerning the Note 7 recall and it seemed vague in not mentioning the exchanged device being a loaner or being able to swap that loaner in for a replacement Note 7 once they were available. All the other carriers specifically mentioned being able to swap again for another Note 7. So, I called Verizon and, after a lengthy conversation in which he claimed he wasn't aware of a Note 7 recall (seriously? How are you not aware? He said the recall was the S7 Edge. I told him to check again, but that is beside the point), he finally found the information and read it to me that I would be able to swap again for a replacement Note 7. 

So, I headed off to my local corporate store. My local store is a regional sales office I believe. This is important to the story. 

I was told by a rep there, and again by the store manager, that I could only swap once and whatever device I swapped for was the one I was stuck with. No additional swap for another Note 7. I had 3 choices; keep my existing Note 7 and wait to see if the replacements come in before Sept 30, swap before then and settle on a different device, or activate an old phone on my account and return the Note 7, losing my 2GB bonus data, and then upgrade to a new Note 7 once they become available. I left ticked off. 

I called Verizon back, spoke with another person who said the manager is incorrect and confirmed the original information; I can swap now, for a loaner, and get a replacement Note 7 when the come in. 

So what's the true story here? If the store manager is refusing to honor this, I'm not sure what to do. I've want the Note 7. I've spent money on Note 7 accessories (are they refunding those? If so, who? Verizon or Samsung?). 

Can someone advise on what they've done?",cmcfalls2,1473713858.0,2016-09-13 04:57:38,2,5,https://www.reddit.com/r/samsung/comments/52gnbl/need_verizon_replacement_advice/,samsung,Note 7 recall
524trg,Note 7 Bedside Charging Station,,BillNyeDeGrasseTyson,1473537290.0,2016-09-11 03:54:50,335,53,http://imgur.com/ZaMJpiS.jpg,samsung,Note 7 recall
