id,text
1933461737690501583,"RT @BBU_BLACKPINK: #BLACKPINK [DEADLINE] WORLD TOUR in BANGKOK and HONG KONG are now officially SOLD OUT!

Rajamangala National Stadium üáπüá≠‚Ä¶"
1933461713321656762,"RT @peony_fay: ü¶ñ : White Rabbit ‡∏Å‡πá ‡∏ú‡∏°‡∏™‡∏±‡∏ç‡∏ç‡∏≤‡∏Å‡∏±‡∏ö‡πÄ‡∏Ñ‡πâ‡∏≤‡πÑ‡∏ß‡πâ‡∏ß‡πà‡∏≤‡∏ñ‡πâ‡∏≤‡∏ú‡∏°‡∏Å‡∏î‡∏ö‡∏±‡∏ï‡∏£ Blackpink ‡πÑ‡∏î‡πâ‡∏ú‡∏°‡∏à‡∏∞‡∏™‡∏õ‡∏≠‡∏¢

‚Äú‡∏Å‡πá‡∏ï‡πà‡∏≠‡πÉ‡∏´‡πâ‡∏â‡∏±‡∏ô‡πÄ‡∏õ‡πá‡∏ô‡πÄ‡∏™‡∏∑‡∏≠‡∏Å‡πá‡∏Ñ‡∏á ‡∏¢‡∏≠‡∏°‡πÄ‡∏õ‡πá‡∏ô‡πÄ‡∏´‡∏¢‡∏∑‡πà‡∏≠‡πÉ‡∏´‡πâ‡πÄ‡∏ò‡∏≠‡∏ó‡∏≥‡∏ï‡∏≤‡∏°‚Ä¶"
1933461708728905858,"BLACKPINK „Éñ„É´„Éî„É≥ 2025 WORLD TOUR „ÉÅ„Ç±„ÉÉ„Éà ËÆìÊ∏° Ë≤∑Âèñ ‰∫§Êèõ ÂΩìËêΩ
ÈáçË§á„Åó„ÅüÁÇ∫„ÅäË≠≤„ÇäËá¥„Åó„Åæ„Åô„ÄÇ

Ë≠≤„ÄÄ1/16 Êù±‰∫¨„Éâ„Éº„É† „Çπ„Çø„É≥„ÉâS2 2ÈÄ£ FC1Ê¨°

Ê±Ç„ÄÄÂÆö‰æ°+ÊâãÊï∞Êñô„Äú
„Åß„Åç„Çã„Å†„ÅëÊó©„ÅèÂÖ•ÈáëÂèØËÉΩ„Å™Êñπ

„ÅäÂøÉÂΩì„Åü„Çä„ÅÆ„ÅÇ„ÇãÊñπdm„ÄÅ„É™„Éó„Åæ„Åß„ÅäÈ°ò„ÅÑ„Åó„Åæ„Åô„ÄÇ"
1933461705511645324,"RT @gnrnewsbrasil: O homem ouve K-Pop. Axl Rose em Barcelona usando uma camiseta da Lisa, integrante do grupo BlackPink https://t.co/8Nsux5‚Ä¶"
1933461698742268294,"RT @bonapony: ‡∏°‡∏µ‡πÉ‡∏Ñ‡∏£‡∏ó‡∏µ‡πà‡πÄ‡∏õ‡πá‡∏ô‡∏ö‡∏•‡∏¥‡πä‡∏á‡∏Ñ‡πå‡∏à‡∏£‡∏¥‡∏á‡πÜ ‡πÅ‡∏•‡πâ‡∏ß‡∏Å‡∏î‡πÄ‡∏≠‡∏á‡πÑ‡∏°‡πà‡πÑ‡∏î‡πâ‡πÑ‡∏´‡∏°‡∏Ñ‡∏∞
‡∏°‡∏≤‡∏£‡∏ß‡∏°‡∏Å‡∏±‡∏ô‡∏ï‡∏£‡∏á‡∏ô‡∏µ‡πâ‡∏´‡∏ô‡πà‡∏≠‡∏¢‡∏Ñ‡πà‡∏∞ #BLACKPINK  #DEADLINE_IN_BANGKOK"
1933461697966301615,RT @GuuMdark: ‡πÄ‡∏î‡∏µ‡πã‡∏¢‡∏ß‡∏ô‡∏∞  thaiticket ‡∏ó‡∏≥‡πÑ‡∏°‡∏ú‡∏°‡∏Å‡πá‡πÑ‡∏°‡πà‡πÑ‡∏î‡πâ‡∏ã‡∏±‡∏Å‡∏Ñ‡∏≠‡∏ô ‡∏Å‡∏î blackpink ‡∏°‡∏≤‡∏ï‡∏±‡πâ‡∏á‡πÅ‡∏ï‡πà‡∏ß‡∏±‡∏ô‡πÅ‡∏£‡∏Å ‡∏Å‡πá‡πÑ‡∏°‡πà‡πÑ‡∏î‡πâ‡πÄ‡∏•‡∏¢ ‡∏ß‡∏±‡∏ô‡∏ô‡∏µ‡πâ‡πÄ‡∏≠‡∏∞‡πÉ‡∏à‡∏•‡∏≠‡∏á‡∏Å‡∏î‡∏Ñ‡∏≠‡∏ô‡∏≠‡∏∑‡πà‡∏ô‡∏î‡∏π ‡∏ó‡∏µ‡πà‡∏ß‡πà‡∏≤‡∏á‡πÄ‡∏¢‡∏≠‡∏∞‡∏°‡∏≤‡∏Å‚Ä¶
1933461697018409010,RT @yk2aii: Dancers from Los Angeles confirm that they will be joining #BLACKPINK's Deadline tour. https://t.co/upskwnBboN
1933461691804889394,"RT @s_010102: ‚ùóÔ∏è‡πÇ‡∏î‡∏ô‡πÇ‡∏Å‡∏á‡∏ö‡∏±‡∏ï‡∏£ #DEADLINE_IN_BANGKOK 
‡∏≠‡∏∞‡∏Ñ‡∏∑‡∏≠‡∏™‡∏£‡∏∏‡∏õ‡∏°‡∏´‡∏≤‡∏Å‡∏≤‡∏û‡∏¢‡πå‡∏≠‡∏µ‡πà‡πÄ‡∏à‡πä‡∏ó‡∏µ‡πà‡πÇ‡∏Å‡∏á‡πÄ‡∏á‡∏¥‡∏ô‡∏Ñ‡πà‡∏≤‡∏Ñ‡∏≠‡∏ô 
-‡∏°‡∏±‡∏ô‡πÑ‡∏õ‡∏î‡∏π‡∏î‡∏£‡∏π‡∏õ‡∏Ñ‡∏ô‡∏ó‡∏µ‡πà‡∏°‡∏±‡∏ô‡πÇ‡∏Å‡∏á‡∏°‡∏≤‡πÅ‡∏•‡πâ‡∏ß‡πÄ‡∏û‡∏∑‡πà‡∏≠‡∏ó‡∏µ‡πà‡∏à‡∏∞‡∏°‡∏≤‡πÇ‡∏Å‡∏á‡∏Ñ‡∏ô‡∏≠‡∏∑‡πà‚Ä¶"
1933461682598392148,"RT @BabyBlack_twt: ‡πÅ‡∏£‡∏á‡∏°‡∏≤‡∏Å‡∏Å‡∏Å ‡∏ö‡∏±‡∏ï‡∏£ #DEADLINE_IN_BANGKOK ‡∏´‡∏°‡∏î‡πÅ‡∏•‡πâ‡∏ß !!! ‡∏£‡∏≤‡∏ä‡∏°‡∏±‡∏á 3 ‡∏£‡∏≠‡∏ö‡∏¢‡∏±‡∏á‡πÑ‡∏°‡πà‡∏û‡∏≠‡∏Å‡∏±‡∏ö‡∏Ñ‡∏ß‡∏≤‡∏°‡∏î‡∏±‡∏á‡∏Ç‡∏≠‡∏á‡∏Ñ‡∏ß‡∏µ‡∏ô‡∏´‡∏±‡∏ß‡∏ô‡∏° üñ§üíó

‡πÉ‡∏Ñ‡∏£‡∏¢‡∏±‡∏á‡∏™‡∏ô‡πÉ‡∏à‡∏ã‡∏∑‡πâ‡∏≠‡∏ö‡∏±‡∏ï‡∏£ ‡∏™‡∏≤‡∏°‡∏≤‡∏£‡∏ñ‡πÑ‚Ä¶"
1933461679381361013,"Wts lfb
2025 BLACKPINK World Tour in BANGKOK 
Rajamangala Stadium üìç

Tickets available 
‚úÖBLACK PIT Package 

Foreigners too pls
Dm me if interested‚ô•Ô∏è
#BLACKPINKinBKK #BLACKPINKinBANGKOK #DEADLINE_IN_BANGKOK https://t.co/J2s3zXx4WH"
1933461677795914023,"RT @WBP1327__: ‡πÅ‡∏™‡∏î‡∏á‡∏ß‡πà‡∏≤‡∏¢‡∏±‡∏á‡∏°‡∏µ‡∏Å‡∏±‡πä‡∏Å‡πÄ‡∏≠‡∏≤‡πÑ‡∏ß‡πâ‡∏≠‡∏µ‡∏Å‡∏´‡∏£‡∏≠ ‡∏Ñ‡∏∑‡∏≠‡∏≠‡∏≤‡∏®‡∏±‡∏¢‡∏à‡∏±‡∏á‡∏´‡∏ß‡∏∞‡∏ä‡∏∏‡∏•‡∏°‡∏∏‡∏ô‡πÄ‡∏ß‡∏≠‡∏£‡πå ‡πÅ‡∏ï‡πà‡∏ñ‡πâ‡∏≤‡∏°‡∏É‡πÉ‡∏Ñ‡∏£‡∏¢‡∏±‡∏á‡πÑ‡∏°‡πà‡πÑ‡∏î‡πâ‡∏Å‡πá‡∏™‡∏π‡πâ‡∏≠‡∏µ‡∏Å‡∏™‡∏±‡∏Å‡∏ï‡∏±‡πâ‡∏á‡∏î‡∏π‡∏á‡∏µ‡∏ö ‡∏™‡∏π‡πâ‡πÑ‡∏õ‡∏î‡πà‡∏≤‡πÑ‡∏õ 

#DEADLINE_IN_BA‚Ä¶"
1933461674184364236,hoje sai teaser do comeback do blackpink!!!!!!
1933461667993825669,"RT @bonapony: ‡∏°‡∏µ‡πÉ‡∏Ñ‡∏£‡∏ó‡∏µ‡πà‡πÄ‡∏õ‡πá‡∏ô‡∏ö‡∏•‡∏¥‡πä‡∏á‡∏Ñ‡πå‡∏à‡∏£‡∏¥‡∏á‡πÜ ‡πÅ‡∏•‡πâ‡∏ß‡∏Å‡∏î‡πÄ‡∏≠‡∏á‡πÑ‡∏°‡πà‡πÑ‡∏î‡πâ‡πÑ‡∏´‡∏°‡∏Ñ‡∏∞
‡∏°‡∏≤‡∏£‡∏ß‡∏°‡∏Å‡∏±‡∏ô‡∏ï‡∏£‡∏á‡∏ô‡∏µ‡πâ‡∏´‡∏ô‡πà‡∏≠‡∏¢‡∏Ñ‡πà‡∏∞ #BLACKPINK  #DEADLINE_IN_BANGKOK"
1933461651145306552,"RT @TheePopCore: According to E! News, LISA from BLACKPINK has sparked Labubu mania on social media after posting about her love for the ad‚Ä¶"
1933461648557420752,"RT @bponrepeat_1: Only Artists to perform 4 SOLD-OUT shows at philippine arena in history:

1. Blackpink

end of list https://t.co/nMnTi0Tg‚Ä¶"
1933461646154121380,"RT @WBP1327__: ‡πÅ‡∏™‡∏î‡∏á‡∏ß‡πà‡∏≤‡∏¢‡∏±‡∏á‡∏°‡∏µ‡∏Å‡∏±‡πä‡∏Å‡πÄ‡∏≠‡∏≤‡πÑ‡∏ß‡πâ‡∏≠‡∏µ‡∏Å‡∏´‡∏£‡∏≠ ‡∏Ñ‡∏∑‡∏≠‡∏≠‡∏≤‡∏®‡∏±‡∏¢‡∏à‡∏±‡∏á‡∏´‡∏ß‡∏∞‡∏ä‡∏∏‡∏•‡∏°‡∏∏‡∏ô‡πÄ‡∏ß‡∏≠‡∏£‡πå ‡πÅ‡∏ï‡πà‡∏ñ‡πâ‡∏≤‡∏°‡∏É‡πÉ‡∏Ñ‡∏£‡∏¢‡∏±‡∏á‡πÑ‡∏°‡πà‡πÑ‡∏î‡πâ‡∏Å‡πá‡∏™‡∏π‡πâ‡∏≠‡∏µ‡∏Å‡∏™‡∏±‡∏Å‡∏ï‡∏±‡πâ‡∏á‡∏î‡∏π‡∏á‡∏µ‡∏ö ‡∏™‡∏π‡πâ‡πÑ‡∏õ‡∏î‡πà‡∏≤‡πÑ‡∏õ 

#DEADLINE_IN_BA‚Ä¶"
1933461644560220223,"RT @s_010102: ‚ùóÔ∏è‡πÇ‡∏î‡∏ô‡πÇ‡∏Å‡∏á‡∏ö‡∏±‡∏ï‡∏£ #DEADLINE_IN_BANGKOK 
‡∏≠‡∏∞‡∏Ñ‡∏∑‡∏≠‡∏™‡∏£‡∏∏‡∏õ‡∏°‡∏´‡∏≤‡∏Å‡∏≤‡∏û‡∏¢‡πå‡∏≠‡∏µ‡πà‡πÄ‡∏à‡πä‡∏ó‡∏µ‡πà‡πÇ‡∏Å‡∏á‡πÄ‡∏á‡∏¥‡∏ô‡∏Ñ‡πà‡∏≤‡∏Ñ‡∏≠‡∏ô 
-‡∏°‡∏±‡∏ô‡πÑ‡∏õ‡∏î‡∏π‡∏î‡∏£‡∏π‡∏õ‡∏Ñ‡∏ô‡∏ó‡∏µ‡πà‡∏°‡∏±‡∏ô‡πÇ‡∏Å‡∏á‡∏°‡∏≤‡πÅ‡∏•‡πâ‡∏ß‡πÄ‡∏û‡∏∑‡πà‡∏≠‡∏ó‡∏µ‡πà‡∏à‡∏∞‡∏°‡∏≤‡πÇ‡∏Å‡∏á‡∏Ñ‡∏ô‡∏≠‡∏∑‡πà‚Ä¶"
1933461644400865560,"RT @livenationth: ‡∏ö‡∏±‡∏ï‡∏£‡∏´‡∏°‡∏î‡πÅ‡∏•‡πâ‡∏ß‡∏ó‡∏∏‡∏Å‡∏£‡∏≠‡∏ö‡∏Å‡∏≤‡∏£‡πÅ‡∏™‡∏î‡∏á!! ‡πÄ‡∏ï‡∏£‡∏µ‡∏¢‡∏°‡πÇ‡∏Ñ‡∏ü‡πÄ‡∏õ‡πá‡∏ô‡∏à‡∏µ‡∏ã‡∏π ‡πÄ‡∏à‡∏ô‡∏ô‡∏µ‡πà ‡πÇ‡∏£‡πÄ‡∏ã‡πà ‡πÅ‡∏•‡∏∞‚Äã‡∏•‡∏¥‡∏ã‡πà‡∏≤ ‡πÅ‡∏•‡πâ‡∏ß‡∏°‡∏≤‡∏™‡∏ô‡∏∏‡∏Å‡∏Å‡∏±‡∏ö 3 ‡∏ß‡∏±‡∏ô‡∏™‡∏∏‡∏î‡∏õ‡∏±‡∏á ‡∏ó‡∏µ‡πà‡∏Ñ‡∏≠‡∏ô‡πÄ‡∏™‡∏¥‡∏£‡πå‡∏ï ""BLACKPINK WOR‚Ä¶"
1933461644086292511,"RT @JUSTCALLMENINGG: (E! News)
#LISA @wearelloud ‡∏™‡∏°‡∏≤‡∏ä‡∏¥‡∏Å‡∏ß‡∏á BLACKPINK ‡∏Ñ‡∏∑‡∏≠‡∏ú‡∏π‡πâ‡∏à‡∏∏‡∏î‡∏Å‡∏£‡∏∞‡πÅ‡∏™‡∏Ñ‡∏ß‡∏≤‡∏°‡∏Ñ‡∏•‡∏±‡πà‡∏á‡πÑ‡∏Ñ‡∏•‡πâ‡πÄ‡∏à‡πâ‡∏≤ Labubu ‡∏ö‡∏ô‡πÇ‡∏•‡∏Å‡∏≠‡∏≠‡∏ô‡πÑ‡∏•‡∏ô‡πå 

‡∏Ñ‡∏ß‡∏≤‡∏°‡∏ä‡∏∑‡πà‡∏ô‡∏ä‡∏≠‡∏ö‡∏Ç‡∏≠‡∏á‡∏•‡∏¥‚Ä¶"
1933461643767525651,"‡∏Å‡∏î‡∏ö‡∏±‡∏ï‡∏£ BLACKPINK ‡πÑ‡∏°‡πà‡∏ó‡∏±‡∏ô‡πÄ‡∏´‡∏°‡∏∑‡∏≠‡∏ô‡πÇ‡∏î‡∏ô‡πÄ‡∏ó üñ§ü©∑ 
‡πÅ‡∏ï‡πà ‡πÄ‡∏ß‡∏´‡∏≤‡∏ß‡∏≤‡πÑ‡∏£‡∏ï‡∏µ‡πâ ‡∏¢‡∏±‡∏á‡πÑ‡∏°‡πà‡πÄ‡∏Ñ‡∏¢‡πÄ‡∏ó‡∏ô‡∏∞‡∏à‡πä‡∏∞ üòâ #‡πÄ‡∏ß‡∏´‡∏≤‡∏ß‡∏≤‡πÑ‡∏£‡∏ï‡∏µ‡πâ #DEADLINE_IN_BANGKOK   56 https://t.co/TWqwwcuGnF"
1933461637480264017,RT @YuyaDiet40: BLACKPINK „É™„Çµ„Åï„Çì„ÇÇÊé®„Åó„Å¶„Çã„Åì„Çå„Çí2ÈÄ±ÈñìÁ∂ö„Åë„Åü„Çâ„Äå„ÅäÂ∞ª„Å®Â§™„ÇÇ„ÇÇ„Åå„ÇÅ„Å°„ÇÉÂºï„ÅçÁ∑†„Åæ„Å£„Å¶„Åç„Å¶„ÄÅ„Éë„É≥„ÉÑ„Åå„ÇÜ„Çã„Åè„Å™„Å£„ÅüÔºÅ„Äç„Å£„Å¶‰∫∫„ÅåÂÆüÈöõ„Å´Âá∫„Å¶„Çã„ÅÆ„Åß„Éû„Ç∏„Åß„ÇÑ„Å£„Å¶„Åø„Å¶Ê¨≤„Åó„ÅÑÔºÅ Ë∫´Èï∑(ËÑö)„Åå‰º∏„Å≥„Åü‰∫∫„ÇÇÔºÅ https://t.co/QxGSDHzCIN
1933461633168503154,Dengan kesadaran penuh gue beranikan diri wartiket blackpink cat 2. Emang dapat sih. Tapi skrg mikir gimana caranya gue ke jkt . Ada ga disini yang org daerah kaltim mau ntn konser blackpink bulan november? gue dari kaltim blm ada temen nih.
1933461632358973801,"RT @_nicoleayson: ALL-IN TWO-WAY Carpool for BLACKPINK DEADLINE WORLD TOUR in Philippine Arena, Bulacan for only ‚Ç±650-‚Ç±800.·êü

üìù https://t.c‚Ä¶"
1933461630115066339,"WTS
BLACKPINK WORLD TOUR [DEADLINE] IN SINGAPORE

Selling Tickets
‚úÖ3x VIP
‚úÖ4x CAT 2

üì©DM if interested 
No scalpers ‚úÖ

#BLACKPINKinSINGAPORE #BLACKPINK_DEADLINE #BLACKPINKinSG #DEADLINEinSG #BLACKPINK #DEADLINE_IN_SINGAPORE https://t.co/l1OOHTEWow"
1933461628894523613,"RT @WBP1327__: ‡πÅ‡∏™‡∏î‡∏á‡∏ß‡πà‡∏≤‡∏¢‡∏±‡∏á‡∏°‡∏µ‡∏Å‡∏±‡πä‡∏Å‡πÄ‡∏≠‡∏≤‡πÑ‡∏ß‡πâ‡∏≠‡∏µ‡∏Å‡∏´‡∏£‡∏≠ ‡∏Ñ‡∏∑‡∏≠‡∏≠‡∏≤‡∏®‡∏±‡∏¢‡∏à‡∏±‡∏á‡∏´‡∏ß‡∏∞‡∏ä‡∏∏‡∏•‡∏°‡∏∏‡∏ô‡πÄ‡∏ß‡∏≠‡∏£‡πå ‡πÅ‡∏ï‡πà‡∏ñ‡πâ‡∏≤‡∏°‡∏É‡πÉ‡∏Ñ‡∏£‡∏¢‡∏±‡∏á‡πÑ‡∏°‡πà‡πÑ‡∏î‡πâ‡∏Å‡πá‡∏™‡∏π‡πâ‡∏≠‡∏µ‡∏Å‡∏™‡∏±‡∏Å‡∏ï‡∏±‡πâ‡∏á‡∏î‡∏π‡∏á‡∏µ‡∏ö ‡∏™‡∏π‡πâ‡πÑ‡∏õ‡∏î‡πà‡∏≤‡πÑ‡∏õ 

#DEADLINE_IN_BA‚Ä¶"
1933461614423904474,RT @bponrepeat_1: THAILAND loves Blackpink üò≠ https://t.co/POwuE13xnC
1933461612696121724,"RT @bonapony: ‡∏°‡∏µ‡πÉ‡∏Ñ‡∏£‡∏ó‡∏µ‡πà‡πÄ‡∏õ‡πá‡∏ô‡∏ö‡∏•‡∏¥‡πä‡∏á‡∏Ñ‡πå‡∏à‡∏£‡∏¥‡∏á‡πÜ ‡πÅ‡∏•‡πâ‡∏ß‡∏Å‡∏î‡πÄ‡∏≠‡∏á‡πÑ‡∏°‡πà‡πÑ‡∏î‡πâ‡πÑ‡∏´‡∏°‡∏Ñ‡∏∞
‡∏°‡∏≤‡∏£‡∏ß‡∏°‡∏Å‡∏±‡∏ô‡∏ï‡∏£‡∏á‡∏ô‡∏µ‡πâ‡∏´‡∏ô‡πà‡∏≠‡∏¢‡∏Ñ‡πà‡∏∞ #BLACKPINK  #DEADLINE_IN_BANGKOK"
1933461601509912619,#BLACKPINK_DEADLINE #BLACKPINK_BULACAN
1933461599865745734,"RT @peony_fay: ü¶ñ : White Rabbit ‡∏Å‡πá ‡∏ú‡∏°‡∏™‡∏±‡∏ç‡∏ç‡∏≤‡∏Å‡∏±‡∏ö‡πÄ‡∏Ñ‡πâ‡∏≤‡πÑ‡∏ß‡πâ‡∏ß‡πà‡∏≤‡∏ñ‡πâ‡∏≤‡∏ú‡∏°‡∏Å‡∏î‡∏ö‡∏±‡∏ï‡∏£ Blackpink ‡πÑ‡∏î‡πâ‡∏ú‡∏°‡∏à‡∏∞‡∏™‡∏õ‡∏≠‡∏¢

‚Äú‡∏Å‡πá‡∏ï‡πà‡∏≠‡πÉ‡∏´‡πâ‡∏â‡∏±‡∏ô‡πÄ‡∏õ‡πá‡∏ô‡πÄ‡∏™‡∏∑‡∏≠‡∏Å‡πá‡∏Ñ‡∏á ‡∏¢‡∏≠‡∏°‡πÄ‡∏õ‡πá‡∏ô‡πÄ‡∏´‡∏¢‡∏∑‡πà‡∏≠‡πÉ‡∏´‡πâ‡πÄ‡∏ò‡∏≠‡∏ó‡∏≥‡∏ï‡∏≤‡∏°‚Ä¶"
1933461591548416211,"RT @JUSTCALLMENINGG: (E! News)
#LISA @wearelloud ‡∏™‡∏°‡∏≤‡∏ä‡∏¥‡∏Å‡∏ß‡∏á BLACKPINK ‡∏Ñ‡∏∑‡∏≠‡∏ú‡∏π‡πâ‡∏à‡∏∏‡∏î‡∏Å‡∏£‡∏∞‡πÅ‡∏™‡∏Ñ‡∏ß‡∏≤‡∏°‡∏Ñ‡∏•‡∏±‡πà‡∏á‡πÑ‡∏Ñ‡∏•‡πâ‡πÄ‡∏à‡πâ‡∏≤ Labubu ‡∏ö‡∏ô‡πÇ‡∏•‡∏Å‡∏≠‡∏≠‡∏ô‡πÑ‡∏•‡∏ô‡πå 

‡∏Ñ‡∏ß‡∏≤‡∏°‡∏ä‡∏∑‡πà‡∏ô‡∏ä‡∏≠‡∏ö‡∏Ç‡∏≠‡∏á‡∏•‡∏¥‚Ä¶"
1933461591141535791,"RT @s_010102: ‚ùóÔ∏è‡πÇ‡∏î‡∏ô‡πÇ‡∏Å‡∏á‡∏ö‡∏±‡∏ï‡∏£ #DEADLINE_IN_BANGKOK 
‡∏≠‡∏∞‡∏Ñ‡∏∑‡∏≠‡∏™‡∏£‡∏∏‡∏õ‡∏°‡∏´‡∏≤‡∏Å‡∏≤‡∏û‡∏¢‡πå‡∏≠‡∏µ‡πà‡πÄ‡∏à‡πä‡∏ó‡∏µ‡πà‡πÇ‡∏Å‡∏á‡πÄ‡∏á‡∏¥‡∏ô‡∏Ñ‡πà‡∏≤‡∏Ñ‡∏≠‡∏ô 
-‡∏°‡∏±‡∏ô‡πÑ‡∏õ‡∏î‡∏π‡∏î‡∏£‡∏π‡∏õ‡∏Ñ‡∏ô‡∏ó‡∏µ‡πà‡∏°‡∏±‡∏ô‡πÇ‡∏Å‡∏á‡∏°‡∏≤‡πÅ‡∏•‡πâ‡∏ß‡πÄ‡∏û‡∏∑‡πà‡∏≠‡∏ó‡∏µ‡πà‡∏à‡∏∞‡∏°‡∏≤‡πÇ‡∏Å‡∏á‡∏Ñ‡∏ô‡∏≠‡∏∑‡πà‚Ä¶"
1933461589170298954,RT @mgmojunh: ‚ùåÔ∏è‚ùåÔ∏è‡∏ù‡∏≤‡∏Å‡∏£‡∏µ‡∏Å‡∏±‡∏ô‡πÄ‡∏¢‡∏≠‡∏∞‡πÜ‡πÜ‡πÜü´¢‡∏û‡∏≠‡∏â‡∏±‡∏ô‡∏≠‡∏≠‡∏Å‡∏°‡∏≤‡πÄ‡∏ï‡∏∑‡∏≠‡∏ô ‡∏ö‡∏≤‡∏á ‡πÅ‡∏≠‡∏Ñ‡∏Å‡πá‡∏õ‡∏¥‡∏î‡∏Å‡∏±‡πâ‡∏ô‡∏â‡∏±‡∏ô‡πÑ‡∏õ‡πÄ‡∏°‡πâ‡∏ô‡πÑ‡∏°‡πà‡πÑ‡∏î‡πâ ‡∏ß‡πà‡∏≤‡∏ã‡∏∑‡πâ‡∏≠‡∏Ç‡∏≤‡∏¢ ‡∏°‡∏≠‡∏ö‡∏≠‡∏≥‡∏ô‡∏≤‡∏à‡πÑ‡∏°‡πà‡πÑ‡∏î‡πâ ‡∏Ñ‡∏¥‡∏î‡∏ß‡πà‡∏≤‡∏°‡∏¥‡∏à‡∏£‡∏∂‡∏õ‡πà‡∏≤‡∏ß‡∏ô‡πâ‡∏≤‡∏≤ #DEADLINE_I‚Ä¶
1933461585575751935,"RT @BLACKPINKBRASIL: Todos os ingressos para os dois shows do BLACKPINK em Singapura esgotaram em menos de 25 minutos! 

Cerca de 600 mil p‚Ä¶"
1933461584820776962,RT @GuuMdark: ‡πÄ‡∏î‡∏µ‡πã‡∏¢‡∏ß‡∏ô‡∏∞  thaiticket ‡∏ó‡∏≥‡πÑ‡∏°‡∏ú‡∏°‡∏Å‡πá‡πÑ‡∏°‡πà‡πÑ‡∏î‡πâ‡∏ã‡∏±‡∏Å‡∏Ñ‡∏≠‡∏ô ‡∏Å‡∏î blackpink ‡∏°‡∏≤‡∏ï‡∏±‡πâ‡∏á‡πÅ‡∏ï‡πà‡∏ß‡∏±‡∏ô‡πÅ‡∏£‡∏Å ‡∏Å‡πá‡πÑ‡∏°‡πà‡πÑ‡∏î‡πâ‡πÄ‡∏•‡∏¢ ‡∏ß‡∏±‡∏ô‡∏ô‡∏µ‡πâ‡πÄ‡∏≠‡∏∞‡πÉ‡∏à‡∏•‡∏≠‡∏á‡∏Å‡∏î‡∏Ñ‡∏≠‡∏ô‡∏≠‡∏∑‡πà‡∏ô‡∏î‡∏π ‡∏ó‡∏µ‡πà‡∏ß‡πà‡∏≤‡∏á‡πÄ‡∏¢‡∏≠‡∏∞‡∏°‡∏≤‡∏Å‚Ä¶
1933461580894908869,"RT @Nickaiseller: WTS/LFB
#BLACKPINK_WORLDTOUR2025 

VIP Pit 
&amp; LBA PREM 
DA2 WV PRESALE 

‚úÖ Open for installment
‚úÖ Sure buyer only 
‚úÖ Good‚Ä¶"
1933461576067244177,RT @bponrepeat_1: The way no girl group stands a chance against blackpink üò≠ https://t.co/J2tISPnAmE
1933461575001895181,RT @BP4ACES: 6 locked articles on the YG website and Imablinkbtch also gave us hints about the upcoming new song today . BLINKS BLACKPINK'S‚Ä¶
1933461566655246773,"RT @bpnews_my: KL KL KL KL KL KL

BLACKPINK IN KUALA LUMPUR

BLACKPINK IN KUALA LUMPUR

BLACKPINK IN KUALA LUMPUR

BLACKPINK IN KUALA LUMPUR"
1933461565510201809,RT @MMariposa31: Aqu√≠ el take off del avi√≥n de #AirIndia Luego de esto cae y mueren decenas de pasajeros. #india #planecrash #BLACKPINK #LA‚Ä¶
1933461563127525769,I won 30 millions dollars in @Stake in the game Crazy Time...(ONLY ONE) #ROS√â  üíÖüëªü§ó‚ù§Ô∏èüôÉüéâü•≥üç´üôåüôèüéå Yuna Yeji   blackpink  #AMAs ros√© #FogoChain  Lisa Jurin Burke #AMAS Juria Chisa Russia Ukraine Karina Ningning  Kazuha  Jennie Momo Sana Gaeul Maya Jisoo Harvey Rami Somi Gawon https://t.co/8W7Jw2Cgzq
1933461561093292049,"RT @BPxSpotify: Total and daily streams on Spotify (Jun 11)

@BLACKPINK: 14,823,039,588 (+4,603,930)üî∫[+227,287]

#JENNIE: 4,912,165,110 (+9‚Ä¶"
1933461558946115921,"@lilrosry Since I'm a BLACKPINK team staff member, it's dance lessons for the WORLD tour.
I wonder if they'll be doing something in LA?
Not only Ros√©, but the other members are in LA right now too."
1933461558660903003,"RT @JUSTCALLMENINGG: (E! News)
#LISA @wearelloud ‡∏™‡∏°‡∏≤‡∏ä‡∏¥‡∏Å‡∏ß‡∏á BLACKPINK ‡∏Ñ‡∏∑‡∏≠‡∏ú‡∏π‡πâ‡∏à‡∏∏‡∏î‡∏Å‡∏£‡∏∞‡πÅ‡∏™‡∏Ñ‡∏ß‡∏≤‡∏°‡∏Ñ‡∏•‡∏±‡πà‡∏á‡πÑ‡∏Ñ‡∏•‡πâ‡πÄ‡∏à‡πâ‡∏≤ Labubu ‡∏ö‡∏ô‡πÇ‡∏•‡∏Å‡∏≠‡∏≠‡∏ô‡πÑ‡∏•‡∏ô‡πå 

‡∏Ñ‡∏ß‡∏≤‡∏°‡∏ä‡∏∑‡πà‡∏ô‡∏ä‡∏≠‡∏ö‡∏Ç‡∏≠‡∏á‡∏•‡∏¥‚Ä¶"
1933461557595549935,"RT @enews: Labubu mania has taken over social media, after Lisa from BLACKPINK first posted her love for the adorable toys. Now other celeb‚Ä¶"
1933461557347745994,@nanalyn_____ @Imran71796586 @bowenjens One?? Babe where the hell have you been for past few years?? How can you not know anything?? And also how can blinks hate a blackpink member? She is blackpink herself so why hate her to begin with???
1933461554365665424,RT @BBU_BLACKPINK: ENJOYING AT THE BEACH DURING ‚ÄúSUMMERTIME‚Äù üëÄ @BLACKPINK.
1933461551639638408,"RT @YGJAPANofficial: OFFICIAL MERCH LINE-UP COMING SOON.

#BLACKPINK #Î∏îÎûôÌïëÌÅ¨ #WORLDTOUR #DEADLINE #YG https://t.co/8DmGXcqoyp"
1933461540742828108,"RT @blinksunitedtwt: According to a reliable insider, BLACKPINK‚Äôs comeback is coming! The insider has stated the following hint:

‚Äú_ _ _ _‚Ä¶"
1933461535659311140,"RT @BabyBlack_twt: ‡πÅ‡∏£‡∏á‡∏°‡∏≤‡∏Å‡∏Å‡∏Å ‡∏ö‡∏±‡∏ï‡∏£ #DEADLINE_IN_BANGKOK ‡∏´‡∏°‡∏î‡πÅ‡∏•‡πâ‡∏ß !!! ‡∏£‡∏≤‡∏ä‡∏°‡∏±‡∏á 3 ‡∏£‡∏≠‡∏ö‡∏¢‡∏±‡∏á‡πÑ‡∏°‡πà‡∏û‡∏≠‡∏Å‡∏±‡∏ö‡∏Ñ‡∏ß‡∏≤‡∏°‡∏î‡∏±‡∏á‡∏Ç‡∏≠‡∏á‡∏Ñ‡∏ß‡∏µ‡∏ô‡∏´‡∏±‡∏ß‡∏ô‡∏° üñ§üíó

‡πÉ‡∏Ñ‡∏£‡∏¢‡∏±‡∏á‡∏™‡∏ô‡πÉ‡∏à‡∏ã‡∏∑‡πâ‡∏≠‡∏ö‡∏±‡∏ï‡∏£ ‡∏™‡∏≤‡∏°‡∏≤‡∏£‡∏ñ‡πÑ‚Ä¶"
1933461533058871454,RT @GuuMdark: ‡πÄ‡∏î‡∏µ‡πã‡∏¢‡∏ß‡∏ô‡∏∞  thaiticket ‡∏ó‡∏≥‡πÑ‡∏°‡∏ú‡∏°‡∏Å‡πá‡πÑ‡∏°‡πà‡πÑ‡∏î‡πâ‡∏ã‡∏±‡∏Å‡∏Ñ‡∏≠‡∏ô ‡∏Å‡∏î blackpink ‡∏°‡∏≤‡∏ï‡∏±‡πâ‡∏á‡πÅ‡∏ï‡πà‡∏ß‡∏±‡∏ô‡πÅ‡∏£‡∏Å ‡∏Å‡πá‡πÑ‡∏°‡πà‡πÑ‡∏î‡πâ‡πÄ‡∏•‡∏¢ ‡∏ß‡∏±‡∏ô‡∏ô‡∏µ‡πâ‡πÄ‡∏≠‡∏∞‡πÉ‡∏à‡∏•‡∏≠‡∏á‡∏Å‡∏î‡∏Ñ‡∏≠‡∏ô‡∏≠‡∏∑‡πà‡∏ô‡∏î‡∏π ‡∏ó‡∏µ‡πà‡∏ß‡πà‡∏≤‡∏á‡πÄ‡∏¢‡∏≠‡∏∞‡∏°‡∏≤‡∏Å‚Ä¶
1933461532467474722,"RT @JUSTCALLMENINGG: (E! News)
#LISA @wearelloud ‡∏™‡∏°‡∏≤‡∏ä‡∏¥‡∏Å‡∏ß‡∏á BLACKPINK ‡∏Ñ‡∏∑‡∏≠‡∏ú‡∏π‡πâ‡∏à‡∏∏‡∏î‡∏Å‡∏£‡∏∞‡πÅ‡∏™‡∏Ñ‡∏ß‡∏≤‡∏°‡∏Ñ‡∏•‡∏±‡πà‡∏á‡πÑ‡∏Ñ‡∏•‡πâ‡πÄ‡∏à‡πâ‡∏≤ Labubu ‡∏ö‡∏ô‡πÇ‡∏•‡∏Å‡∏≠‡∏≠‡∏ô‡πÑ‡∏•‡∏ô‡πå 

‡∏Ñ‡∏ß‡∏≤‡∏°‡∏ä‡∏∑‡πà‡∏ô‡∏ä‡∏≠‡∏ö‡∏Ç‡∏≠‡∏á‡∏•‡∏¥‚Ä¶"
1933461530638758065,"@lalalisaly1 Estimating the percentage of Blackpink's music about sex is tricky due to subjective interpretation. Based on their 32 official songs, roughly 15-20%‚Äîaround 5 songs like ""Ice Cream,"" ""Playing With Fire,"" and ""Boombayah""‚Äîhave flirtatious or suggestive lyrics. Most of their music"
1933461530588426504,"RT @Kai_commssell: WTS/LFB
#BLACKPINK_WORLDTOUR2025 

VIP Pit 
&amp; LBA PREM 
DA2 WV PRESALE 

‚úÖ Open for installment
‚úÖ Sure buyer only 
‚úÖ Goo‚Ä¶"
1933461524036870229,"RT @livenationth: ‡∏ö‡∏±‡∏ï‡∏£‡∏´‡∏°‡∏î‡πÅ‡∏•‡πâ‡∏ß‡∏ó‡∏∏‡∏Å‡∏£‡∏≠‡∏ö‡∏Å‡∏≤‡∏£‡πÅ‡∏™‡∏î‡∏á!! ‡πÄ‡∏ï‡∏£‡∏µ‡∏¢‡∏°‡πÇ‡∏Ñ‡∏ü‡πÄ‡∏õ‡πá‡∏ô‡∏à‡∏µ‡∏ã‡∏π ‡πÄ‡∏à‡∏ô‡∏ô‡∏µ‡πà ‡πÇ‡∏£‡πÄ‡∏ã‡πà ‡πÅ‡∏•‡∏∞‚Äã‡∏•‡∏¥‡∏ã‡πà‡∏≤ ‡πÅ‡∏•‡πâ‡∏ß‡∏°‡∏≤‡∏™‡∏ô‡∏∏‡∏Å‡∏Å‡∏±‡∏ö 3 ‡∏ß‡∏±‡∏ô‡∏™‡∏∏‡∏î‡∏õ‡∏±‡∏á ‡∏ó‡∏µ‡πà‡∏Ñ‡∏≠‡∏ô‡πÄ‡∏™‡∏¥‡∏£‡πå‡∏ï ""BLACKPINK WOR‚Ä¶"
1933461516826914960,"RT @BPTOURNEWS: üö®@BLACKPINK has DOUBLE SOLD OUT Philippine Arena !

94K-95K attendance expected 
Additional date expected 
#DEADLINE_IN_BUL‚Ä¶"
1933461515610567015,"RT @BBU_BLACKPINK: the pinks are currently in LA, likely rehearsing for the DEADLINE world tour?ü´£ @BLACKPINK"
1933461514205475322,"RT @JUSTCALLMENINGG: (E! News)
#LISA @wearelloud ‡∏™‡∏°‡∏≤‡∏ä‡∏¥‡∏Å‡∏ß‡∏á BLACKPINK ‡∏Ñ‡∏∑‡∏≠‡∏ú‡∏π‡πâ‡∏à‡∏∏‡∏î‡∏Å‡∏£‡∏∞‡πÅ‡∏™‡∏Ñ‡∏ß‡∏≤‡∏°‡∏Ñ‡∏•‡∏±‡πà‡∏á‡πÑ‡∏Ñ‡∏•‡πâ‡πÄ‡∏à‡πâ‡∏≤ Labubu ‡∏ö‡∏ô‡πÇ‡∏•‡∏Å‡∏≠‡∏≠‡∏ô‡πÑ‡∏•‡∏ô‡πå 

‡∏Ñ‡∏ß‡∏≤‡∏°‡∏ä‡∏∑‡πà‡∏ô‡∏ä‡∏≠‡∏ö‡∏Ç‡∏≠‡∏á‡∏•‡∏¥‚Ä¶"
1933461498937958560,RT @honorslisa: blinks went from ‚Äúworld tour before comeback üò°üò°ü§¨ fck yg‚Äù to ‚Äúsee you soon my loves @BLACKPINK‚Äù real quick
1933461497264680994,"RT @peony_fay: ü¶ñ : White Rabbit ‡∏Å‡πá ‡∏ú‡∏°‡∏™‡∏±‡∏ç‡∏ç‡∏≤‡∏Å‡∏±‡∏ö‡πÄ‡∏Ñ‡πâ‡∏≤‡πÑ‡∏ß‡πâ‡∏ß‡πà‡∏≤‡∏ñ‡πâ‡∏≤‡∏ú‡∏°‡∏Å‡∏î‡∏ö‡∏±‡∏ï‡∏£ Blackpink ‡πÑ‡∏î‡πâ‡∏ú‡∏°‡∏à‡∏∞‡∏™‡∏õ‡∏≠‡∏¢

‚Äú‡∏Å‡πá‡∏ï‡πà‡∏≠‡πÉ‡∏´‡πâ‡∏â‡∏±‡∏ô‡πÄ‡∏õ‡πá‡∏ô‡πÄ‡∏™‡∏∑‡∏≠‡∏Å‡πá‡∏Ñ‡∏á ‡∏¢‡∏≠‡∏°‡πÄ‡∏õ‡πá‡∏ô‡πÄ‡∏´‡∏¢‡∏∑‡πà‡∏≠‡πÉ‡∏´‡πâ‡πÄ‡∏ò‡∏≠‡∏ó‡∏≥‡∏ï‡∏≤‡∏°‚Ä¶"
1933461494991368313,RT @GuuMdark: ‡πÄ‡∏î‡∏µ‡πã‡∏¢‡∏ß‡∏ô‡∏∞  thaiticket ‡∏ó‡∏≥‡πÑ‡∏°‡∏ú‡∏°‡∏Å‡πá‡πÑ‡∏°‡πà‡πÑ‡∏î‡πâ‡∏ã‡∏±‡∏Å‡∏Ñ‡∏≠‡∏ô ‡∏Å‡∏î blackpink ‡∏°‡∏≤‡∏ï‡∏±‡πâ‡∏á‡πÅ‡∏ï‡πà‡∏ß‡∏±‡∏ô‡πÅ‡∏£‡∏Å ‡∏Å‡πá‡πÑ‡∏°‡πà‡πÑ‡∏î‡πâ‡πÄ‡∏•‡∏¢ ‡∏ß‡∏±‡∏ô‡∏ô‡∏µ‡πâ‡πÄ‡∏≠‡∏∞‡πÉ‡∏à‡∏•‡∏≠‡∏á‡∏Å‡∏î‡∏Ñ‡∏≠‡∏ô‡∏≠‡∏∑‡πà‡∏ô‡∏î‡∏π ‡∏ó‡∏µ‡πà‡∏ß‡πà‡∏≤‡∏á‡πÄ‡∏¢‡∏≠‡∏∞‡∏°‡∏≤‡∏Å‚Ä¶
1933461492541894885,"RT @JenneiData: #JENNIE joins BLACKPINK, TWICE and NJZ as the only Female K-pop Act to have spent 300 days on the Spotify Global Artist Cha‚Ä¶"
1933461492537479679,"WTT
WTS
üè∑Ô∏è BLACKPINK JISOO BROADCAST ME SET $550 dls 
üè∑Ô∏èBLACKPINK JISOO SHUT DOWN BROADCAST WHIT BORN PINK SIGNED $300 dls 

The price includes shipping in Mexico, USA and Canada https://t.co/asxkB5UfJF"
1933461484908261895,RT @bponrepeat_1: Blackpink is the first active group in history to announce official merch and world tour before announcing a comeback. ht‚Ä¶
1933461481347309941,"RT @BabyBlack_twt: ‡πÅ‡∏£‡∏á‡∏°‡∏≤‡∏Å‡∏Å‡∏Å ‡∏ö‡∏±‡∏ï‡∏£ #DEADLINE_IN_BANGKOK ‡∏´‡∏°‡∏î‡πÅ‡∏•‡πâ‡∏ß !!! ‡∏£‡∏≤‡∏ä‡∏°‡∏±‡∏á 3 ‡∏£‡∏≠‡∏ö‡∏¢‡∏±‡∏á‡πÑ‡∏°‡πà‡∏û‡∏≠‡∏Å‡∏±‡∏ö‡∏Ñ‡∏ß‡∏≤‡∏°‡∏î‡∏±‡∏á‡∏Ç‡∏≠‡∏á‡∏Ñ‡∏ß‡∏µ‡∏ô‡∏´‡∏±‡∏ß‡∏ô‡∏° üñ§üíó

‡πÉ‡∏Ñ‡∏£‡∏¢‡∏±‡∏á‡∏™‡∏ô‡πÉ‡∏à‡∏ã‡∏∑‡πâ‡∏≠‡∏ö‡∏±‡∏ï‡∏£ ‡∏™‡∏≤‡∏°‡∏≤‡∏£‡∏ñ‡πÑ‚Ä¶"
1933461479258534134,@kchartsmaster horrible and cheap almost as bad as Lisa from blackpink
1933461473738830232,RT @BP4ACES: 6 locked articles on the YG website and Imablinkbtch also gave us hints about the upcoming new song today . BLINKS BLACKPINK'S‚Ä¶
1933461473508143546,"wts lfb ph
BLACKPINK WORLD TOUR &lt;DEADLINE&gt; IN BULACAN

Rfs:- Secured Extra tickets 
‚úÖVIP, FLOOR STANDING 
‚úÖUBB
‚úÖLBB
‚úÖUBC
Pm  po for details please if interested to buy ‚úîÔ∏è

#BLACKPINK_WORLDTOUR2025 #blackpink #BLACKPINK_BULACAN #BLACKPINKxPhilippineArena
#DEADLINE_IN_BULACA https://t.co/aynScZ7rn5"
1933461471394214049,"[LFS] BLACKPINK BANGKOK TICKETS
Looking for 3 tickets ‚ÄºÔ∏è
üéüÔ∏è Preferred Section: E1
üí∏ Budget: 5,800 or 4,800 baht each
DM if you're selling! üôèüíó
#BLACKPINK #BLACKPINKBANGKOK #LFSBLACKPINK #BLACKPINKinBANGKOK"
1933461469682905380,"RT @WBP1327__: ‡πÅ‡∏™‡∏î‡∏á‡∏ß‡πà‡∏≤‡∏¢‡∏±‡∏á‡∏°‡∏µ‡∏Å‡∏±‡πä‡∏Å‡πÄ‡∏≠‡∏≤‡πÑ‡∏ß‡πâ‡∏≠‡∏µ‡∏Å‡∏´‡∏£‡∏≠ ‡∏Ñ‡∏∑‡∏≠‡∏≠‡∏≤‡∏®‡∏±‡∏¢‡∏à‡∏±‡∏á‡∏´‡∏ß‡∏∞‡∏ä‡∏∏‡∏•‡∏°‡∏∏‡∏ô‡πÄ‡∏ß‡∏≠‡∏£‡πå ‡πÅ‡∏ï‡πà‡∏ñ‡πâ‡∏≤‡∏°‡∏É‡πÉ‡∏Ñ‡∏£‡∏¢‡∏±‡∏á‡πÑ‡∏°‡πà‡πÑ‡∏î‡πâ‡∏Å‡πá‡∏™‡∏π‡πâ‡∏≠‡∏µ‡∏Å‡∏™‡∏±‡∏Å‡∏ï‡∏±‡πâ‡∏á‡∏î‡∏π‡∏á‡∏µ‡∏ö ‡∏™‡∏π‡πâ‡πÑ‡∏õ‡∏î‡πà‡∏≤‡πÑ‡∏õ 

#DEADLINE_IN_BA‚Ä¶"
1933461468433039412,"blackpink girlies are in LA, bini girls are in Vegas. so near yet so far üò£üò£üò£"
1933461464347488401,RT @BP4ACES: 6 locked articles on the YG website and Imablinkbtch also gave us hints about the upcoming new song today . BLINKS BLACKPINK'S‚Ä¶
1933461464016167041,"RT @TheePopCore: According to E! News, LISA from BLACKPINK has sparked Labubu mania on social media after posting about her love for the ad‚Ä¶"
1933461458039525693,"@TeamYouTube @TheePopCore @TeamYouTube when it comes to blackpink your views suddenly don‚Äôt get deleted or frozen. Their Thailand farms streams their mvs with invalid views. but when it comes to BTS, suddenly @YouTube @TeamYouTube  starts deleting the views?? Likes to view ratio speaks your fraud activity"
1933461456122753120,"RT @naerpnov: ‡∏ö‡∏ôüôèüèª 
‡∏ñ‡πâ‡∏≤‡∏Å‡∏î‡∏ö‡∏±‡∏ï‡∏£‡∏¢‡∏∑‡∏ô Blackpink ‡πÑ‡∏î‡πâ ‡πÅ‡∏à‡∏Å 100 1 ‡∏Ñ‡∏ô‡∏Æ‡∏∞  üôèüèªüôèüèªüôèüèª

 #DEADLINE_IN_BANGKOK"
1933461454344380525,"RT @BabyBlack_twt: ‡πÅ‡∏£‡∏á‡∏°‡∏≤‡∏Å‡∏Å‡∏Å ‡∏ö‡∏±‡∏ï‡∏£ #DEADLINE_IN_BANGKOK ‡∏´‡∏°‡∏î‡πÅ‡∏•‡πâ‡∏ß !!! ‡∏£‡∏≤‡∏ä‡∏°‡∏±‡∏á 3 ‡∏£‡∏≠‡∏ö‡∏¢‡∏±‡∏á‡πÑ‡∏°‡πà‡∏û‡∏≠‡∏Å‡∏±‡∏ö‡∏Ñ‡∏ß‡∏≤‡∏°‡∏î‡∏±‡∏á‡∏Ç‡∏≠‡∏á‡∏Ñ‡∏ß‡∏µ‡∏ô‡∏´‡∏±‡∏ß‡∏ô‡∏° üñ§üíó

‡πÉ‡∏Ñ‡∏£‡∏¢‡∏±‡∏á‡∏™‡∏ô‡πÉ‡∏à‡∏ã‡∏∑‡πâ‡∏≠‡∏ö‡∏±‡∏ï‡∏£ ‡∏™‡∏≤‡∏°‡∏≤‡∏£‡∏ñ‡πÑ‚Ä¶"
1933461453635531059,"RT @WBP1327__: ‡πÅ‡∏™‡∏î‡∏á‡∏ß‡πà‡∏≤‡∏¢‡∏±‡∏á‡∏°‡∏µ‡∏Å‡∏±‡πä‡∏Å‡πÄ‡∏≠‡∏≤‡πÑ‡∏ß‡πâ‡∏≠‡∏µ‡∏Å‡∏´‡∏£‡∏≠ ‡∏Ñ‡∏∑‡∏≠‡∏≠‡∏≤‡∏®‡∏±‡∏¢‡∏à‡∏±‡∏á‡∏´‡∏ß‡∏∞‡∏ä‡∏∏‡∏•‡∏°‡∏∏‡∏ô‡πÄ‡∏ß‡∏≠‡∏£‡πå ‡πÅ‡∏ï‡πà‡∏ñ‡πâ‡∏≤‡∏°‡∏É‡πÉ‡∏Ñ‡∏£‡∏¢‡∏±‡∏á‡πÑ‡∏°‡πà‡πÑ‡∏î‡πâ‡∏Å‡πá‡∏™‡∏π‡πâ‡∏≠‡∏µ‡∏Å‡∏™‡∏±‡∏Å‡∏ï‡∏±‡πâ‡∏á‡∏î‡∏π‡∏á‡∏µ‡∏ö ‡∏™‡∏π‡πâ‡πÑ‡∏õ‡∏î‡πà‡∏≤‡πÑ‡∏õ 

#DEADLINE_IN_BA‚Ä¶"
1933461453098660321,"RT @WBP1327__: ‡πÅ‡∏™‡∏î‡∏á‡∏ß‡πà‡∏≤‡∏¢‡∏±‡∏á‡∏°‡∏µ‡∏Å‡∏±‡πä‡∏Å‡πÄ‡∏≠‡∏≤‡πÑ‡∏ß‡πâ‡∏≠‡∏µ‡∏Å‡∏´‡∏£‡∏≠ ‡∏Ñ‡∏∑‡∏≠‡∏≠‡∏≤‡∏®‡∏±‡∏¢‡∏à‡∏±‡∏á‡∏´‡∏ß‡∏∞‡∏ä‡∏∏‡∏•‡∏°‡∏∏‡∏ô‡πÄ‡∏ß‡∏≠‡∏£‡πå ‡πÅ‡∏ï‡πà‡∏ñ‡πâ‡∏≤‡∏°‡∏É‡πÉ‡∏Ñ‡∏£‡∏¢‡∏±‡∏á‡πÑ‡∏°‡πà‡πÑ‡∏î‡πâ‡∏Å‡πá‡∏™‡∏π‡πâ‡∏≠‡∏µ‡∏Å‡∏™‡∏±‡∏Å‡∏ï‡∏±‡πâ‡∏á‡∏î‡∏π‡∏á‡∏µ‡∏ö ‡∏™‡∏π‡πâ‡πÑ‡∏õ‡∏î‡πà‡∏≤‡πÑ‡∏õ 

#DEADLINE_IN_BA‚Ä¶"
1933461451659698632,RT @SELENAPlNK: ROS√â est√° o estuvo recientemente en Los √Ångeles tomando clases particulares de canto y baile. Probablemente se est√° prepara‚Ä¶
1933461447729909762,RT @Jijilalak: BLACKPINK ‡∏ï‡∏≠‡∏ô‡πÅ‡∏¢‡∏Å‡∏ó‡∏≥‡∏á‡∏≤‡∏ô‡∏Å‡∏±‡∏ô‡∏Ç‡∏≠‡∏á‡∏™‡∏µ‡πà‡∏Ñ‡∏ô ‡πÑ‡∏°‡πà‡∏°‡∏µ‡πÄ‡∏°‡πá‡∏î‡πÄ‡∏•‡∏¢ ‡∏≠‡∏µ‡∏î‡∏≠‡∏Å‡∏õ‡∏•‡πà‡∏≠‡∏¢‡∏ä‡∏ô‡∏ï‡∏π‡πâ‡∏°‡∏ï‡πâ‡∏≤‡∏° ‡πÅ‡∏ü‡∏ô‡∏Ñ‡∏•‡∏±‡∏ö‡πÑ‡∏Æ‡∏õ‡πå‡∏Å‡∏±‡∏ô ‡∏ï‡∏µ‡∏Å‡∏±‡∏ô‡∏´‡∏µ‡∏â‡∏µ‡∏Å ‡∏û‡∏≠‡∏£‡∏ß‡∏°‡∏ï‡∏±‡∏ß‡πÄ‡∏á‡∏µ‡∏¢‡∏ö‡πÄ‡∏õ‡πá‡∏ô‡∏õ‡πà‡∏≤‡∏ä‡πâ‡∏≤ ‡πÄ‡∏ò‡∏≠‡πÄ‡∏´‡∏á‡∏≤‚Ä¶
1933461445284667616,"RT @WBP1327__: ‡πÅ‡∏™‡∏î‡∏á‡∏ß‡πà‡∏≤‡∏¢‡∏±‡∏á‡∏°‡∏µ‡∏Å‡∏±‡πä‡∏Å‡πÄ‡∏≠‡∏≤‡πÑ‡∏ß‡πâ‡∏≠‡∏µ‡∏Å‡∏´‡∏£‡∏≠ ‡∏Ñ‡∏∑‡∏≠‡∏≠‡∏≤‡∏®‡∏±‡∏¢‡∏à‡∏±‡∏á‡∏´‡∏ß‡∏∞‡∏ä‡∏∏‡∏•‡∏°‡∏∏‡∏ô‡πÄ‡∏ß‡∏≠‡∏£‡πå ‡πÅ‡∏ï‡πà‡∏ñ‡πâ‡∏≤‡∏°‡∏É‡πÉ‡∏Ñ‡∏£‡∏¢‡∏±‡∏á‡πÑ‡∏°‡πà‡πÑ‡∏î‡πâ‡∏Å‡πá‡∏™‡∏π‡πâ‡∏≠‡∏µ‡∏Å‡∏™‡∏±‡∏Å‡∏ï‡∏±‡πâ‡∏á‡∏î‡∏π‡∏á‡∏µ‡∏ö ‡∏™‡∏π‡πâ‡πÑ‡∏õ‡∏î‡πà‡∏≤‡πÑ‡∏õ 

#DEADLINE_IN_BA‚Ä¶"
1933461439618167128,"RT @peony_fay: ü¶ñ : White Rabbit ‡∏Å‡πá ‡∏ú‡∏°‡∏™‡∏±‡∏ç‡∏ç‡∏≤‡∏Å‡∏±‡∏ö‡πÄ‡∏Ñ‡πâ‡∏≤‡πÑ‡∏ß‡πâ‡∏ß‡πà‡∏≤‡∏ñ‡πâ‡∏≤‡∏ú‡∏°‡∏Å‡∏î‡∏ö‡∏±‡∏ï‡∏£ Blackpink ‡πÑ‡∏î‡πâ‡∏ú‡∏°‡∏à‡∏∞‡∏™‡∏õ‡∏≠‡∏¢

‚Äú‡∏Å‡πá‡∏ï‡πà‡∏≠‡πÉ‡∏´‡πâ‡∏â‡∏±‡∏ô‡πÄ‡∏õ‡πá‡∏ô‡πÄ‡∏™‡∏∑‡∏≠‡∏Å‡πá‡∏Ñ‡∏á ‡∏¢‡∏≠‡∏°‡πÄ‡∏õ‡πá‡∏ô‡πÄ‡∏´‡∏¢‡∏∑‡πà‡∏≠‡πÉ‡∏´‡πâ‡πÄ‡∏ò‡∏≠‡∏ó‡∏≥‡∏ï‡∏≤‡∏°‚Ä¶"
1933461439286563166,RT @TheePopCore: BLACKPINK has officially SOLD OUT both shows at Kai Tak Stadium in Hong Kong in just 30 minutes! showcasing their explosiv‚Ä¶
1933461439249068300,"RT @BabyBlack_twt: ‡πÅ‡∏£‡∏á‡∏°‡∏≤‡∏Å‡∏Å‡∏Å ‡∏ö‡∏±‡∏ï‡∏£ #DEADLINE_IN_BANGKOK ‡∏´‡∏°‡∏î‡πÅ‡∏•‡πâ‡∏ß !!! ‡∏£‡∏≤‡∏ä‡∏°‡∏±‡∏á 3 ‡∏£‡∏≠‡∏ö‡∏¢‡∏±‡∏á‡πÑ‡∏°‡πà‡∏û‡∏≠‡∏Å‡∏±‡∏ö‡∏Ñ‡∏ß‡∏≤‡∏°‡∏î‡∏±‡∏á‡∏Ç‡∏≠‡∏á‡∏Ñ‡∏ß‡∏µ‡∏ô‡∏´‡∏±‡∏ß‡∏ô‡∏° üñ§üíó

‡πÉ‡∏Ñ‡∏£‡∏¢‡∏±‡∏á‡∏™‡∏ô‡πÉ‡∏à‡∏ã‡∏∑‡πâ‡∏≠‡∏ö‡∏±‡∏ï‡∏£ ‡∏™‡∏≤‡∏°‡∏≤‡∏£‡∏ñ‡πÑ‚Ä¶"
1933461436380164372,"RT @WBP1327__: ‡πÅ‡∏™‡∏î‡∏á‡∏ß‡πà‡∏≤‡∏¢‡∏±‡∏á‡∏°‡∏µ‡∏Å‡∏±‡πä‡∏Å‡πÄ‡∏≠‡∏≤‡πÑ‡∏ß‡πâ‡∏≠‡∏µ‡∏Å‡∏´‡∏£‡∏≠ ‡∏Ñ‡∏∑‡∏≠‡∏≠‡∏≤‡∏®‡∏±‡∏¢‡∏à‡∏±‡∏á‡∏´‡∏ß‡∏∞‡∏ä‡∏∏‡∏•‡∏°‡∏∏‡∏ô‡πÄ‡∏ß‡∏≠‡∏£‡πå ‡πÅ‡∏ï‡πà‡∏ñ‡πâ‡∏≤‡∏°‡∏É‡πÉ‡∏Ñ‡∏£‡∏¢‡∏±‡∏á‡πÑ‡∏°‡πà‡πÑ‡∏î‡πâ‡∏Å‡πá‡∏™‡∏π‡πâ‡∏≠‡∏µ‡∏Å‡∏™‡∏±‡∏Å‡∏ï‡∏±‡πâ‡∏á‡∏î‡∏π‡∏á‡∏µ‡∏ö ‡∏™‡∏π‡πâ‡πÑ‡∏õ‡∏î‡πà‡∏≤‡πÑ‡∏õ 

#DEADLINE_IN_BA‚Ä¶"
1933461423600119834,RT @TheePopCore: BLACKPINK has officially SOLD OUT both shows at Kai Tak Stadium in Hong Kong in just 30 minutes! showcasing their explosiv‚Ä¶
1933461421171618257,"BLACKPINK 2025 WORLD TOUR IN GOYANG
Î∏îÎûôÌïëÌÅ¨ ÏΩòÏÑúÌä∏ Ìã∞Ïºì ÏñëÎèÑ Î∏îÎßÅÌÅ¨ÏÑù Î∏îÌïëÏΩò Ìã∞ÏºìÏñëÎèÑ

[Ï≤´ÏΩò] ‚Äì BlinkÏÑù 1Íµ¨Ïó≠ 2Ïó∞ÏÑù
Ìã∞Ìè¨ 29ÎßåÏõê

[ÎßâÏΩò] ‚Äì BlinkÏÑù 2Íµ¨Ïó≠ 2Ïó∞ÏÑù
Ìã∞Ìè¨ 29ÎßåÏõê

‚òÜ ÏïÑÏòÆÌè¨Ìï® Ïã§Ìå®Ïãú 100%ÌôòÎ∂à/Îã®ÏÑùO ‚òÜ
DM Î¨∏ÏùòÏ£ºÏÑ∏Ïöî~.2860"
1933461415756771557,"RT @livenationth: ‡∏ö‡∏±‡∏ï‡∏£‡∏´‡∏°‡∏î‡πÅ‡∏•‡πâ‡∏ß‡∏ó‡∏∏‡∏Å‡∏£‡∏≠‡∏ö‡∏Å‡∏≤‡∏£‡πÅ‡∏™‡∏î‡∏á!! ‡πÄ‡∏ï‡∏£‡∏µ‡∏¢‡∏°‡πÇ‡∏Ñ‡∏ü‡πÄ‡∏õ‡πá‡∏ô‡∏à‡∏µ‡∏ã‡∏π ‡πÄ‡∏à‡∏ô‡∏ô‡∏µ‡πà ‡πÇ‡∏£‡πÄ‡∏ã‡πà ‡πÅ‡∏•‡∏∞‚Äã‡∏•‡∏¥‡∏ã‡πà‡∏≤ ‡πÅ‡∏•‡πâ‡∏ß‡∏°‡∏≤‡∏™‡∏ô‡∏∏‡∏Å‡∏Å‡∏±‡∏ö 3 ‡∏ß‡∏±‡∏ô‡∏™‡∏∏‡∏î‡∏õ‡∏±‡∏á ‡∏ó‡∏µ‡πà‡∏Ñ‡∏≠‡∏ô‡πÄ‡∏™‡∏¥‡∏£‡πå‡∏ï ""BLACKPINK WOR‚Ä¶"
1933461413101777241,RT @GuuMdark: ‡πÄ‡∏î‡∏µ‡πã‡∏¢‡∏ß‡∏ô‡∏∞  thaiticket ‡∏ó‡∏≥‡πÑ‡∏°‡∏ú‡∏°‡∏Å‡πá‡πÑ‡∏°‡πà‡πÑ‡∏î‡πâ‡∏ã‡∏±‡∏Å‡∏Ñ‡∏≠‡∏ô ‡∏Å‡∏î blackpink ‡∏°‡∏≤‡∏ï‡∏±‡πâ‡∏á‡πÅ‡∏ï‡πà‡∏ß‡∏±‡∏ô‡πÅ‡∏£‡∏Å ‡∏Å‡πá‡πÑ‡∏°‡πà‡πÑ‡∏î‡πâ‡πÄ‡∏•‡∏¢ ‡∏ß‡∏±‡∏ô‡∏ô‡∏µ‡πâ‡πÄ‡∏≠‡∏∞‡πÉ‡∏à‡∏•‡∏≠‡∏á‡∏Å‡∏î‡∏Ñ‡∏≠‡∏ô‡∏≠‡∏∑‡πà‡∏ô‡∏î‡∏π ‡∏ó‡∏µ‡πà‡∏ß‡πà‡∏≤‡∏á‡πÄ‡∏¢‡∏≠‡∏∞‡∏°‡∏≤‡∏Å‚Ä¶
1933461408391573965,"RT @TheePopCore: According to E! News, LISA from BLACKPINK has sparked Labubu mania on social media after posting about her love for the ad‚Ä¶"
1933461406441222208,@MOMMY_TICKET ‡∏™‡∏ô‡πÉ‡∏à‡∏ö‡∏±‡∏ï‡∏£ vip Blackpink Deadlines Bangkok 2025 ‡∏Ñ‡πà‡∏∞
1933461405732384867,"RT @blinksunitedtwt: BLACKPINK IS COMING 
#BLACKPINK_DEADLINE https://t.co/J1boAPoMfa"
1933461395489816586,"RT @WBP1327__: ‡πÅ‡∏™‡∏î‡∏á‡∏ß‡πà‡∏≤‡∏¢‡∏±‡∏á‡∏°‡∏µ‡∏Å‡∏±‡πä‡∏Å‡πÄ‡∏≠‡∏≤‡πÑ‡∏ß‡πâ‡∏≠‡∏µ‡∏Å‡∏´‡∏£‡∏≠ ‡∏Ñ‡∏∑‡∏≠‡∏≠‡∏≤‡∏®‡∏±‡∏¢‡∏à‡∏±‡∏á‡∏´‡∏ß‡∏∞‡∏ä‡∏∏‡∏•‡∏°‡∏∏‡∏ô‡πÄ‡∏ß‡∏≠‡∏£‡πå ‡πÅ‡∏ï‡πà‡∏ñ‡πâ‡∏≤‡∏°‡∏É‡πÉ‡∏Ñ‡∏£‡∏¢‡∏±‡∏á‡πÑ‡∏°‡πà‡πÑ‡∏î‡πâ‡∏Å‡πá‡∏™‡∏π‡πâ‡∏≠‡∏µ‡∏Å‡∏™‡∏±‡∏Å‡∏ï‡∏±‡πâ‡∏á‡∏î‡∏π‡∏á‡∏µ‡∏ö ‡∏™‡∏π‡πâ‡πÑ‡∏õ‡∏î‡πà‡∏≤‡πÑ‡∏õ 

#DEADLINE_IN_BA‚Ä¶"
1933461383066079307,"#„ÉÅ„Ç±„ÉÉ„ÉàË≠≤Ê∏°üéüÔ∏è
BLACKPINK &lt;DEADLINE&gt; „ÉØ„Éº„É´„Éâ„ÉÑ„Ç¢„Éº in Âè∞Êπæ„ÉªÈ´òÈõÑ tickets sale

VIP 5Êûö„ÉÅ„Ç±„ÉÉ„Éà 2Êûö.üéüÔ∏è
-1ÂàóÁõÆ„ÄÅÈö£ÂêåÂ£´„ÄÅÊúÄÈ´ò„ÅÆÁú∫„ÇÅ
-Ë®ºÊòéÊõ∏„ÅÇ„Çä
-Ë©≥Á¥∞„ÅØDM„Åæ„Åü„ÅØLINE„Åß.üì•

#BLACKPINK_IN_KAOHSIUNG
#DEADLINE_IN_KAOHSIUNG"
1933461380041982151,"RT @portalblackpink: Em menos de 25 minutos as duas datas da DEADLINE TOUR no Est√°dio Nacional de Cingapura esgotaram!

Durante a turn√™ ant‚Ä¶"
1933461378376810650,RT @jisooswar: RIGHT AFTER @imablinkbitch SPOILERS????? OH BLACKPINK IS COMING
1933461376917553327,RT @lesblinkot4: omg this BLACKPINK pic üî• https://t.co/7jvPvjChlf
1933461372953899415,RT @GuuMdark: ‡πÄ‡∏î‡∏µ‡πã‡∏¢‡∏ß‡∏ô‡∏∞  thaiticket ‡∏ó‡∏≥‡πÑ‡∏°‡∏ú‡∏°‡∏Å‡πá‡πÑ‡∏°‡πà‡πÑ‡∏î‡πâ‡∏ã‡∏±‡∏Å‡∏Ñ‡∏≠‡∏ô ‡∏Å‡∏î blackpink ‡∏°‡∏≤‡∏ï‡∏±‡πâ‡∏á‡πÅ‡∏ï‡πà‡∏ß‡∏±‡∏ô‡πÅ‡∏£‡∏Å ‡∏Å‡πá‡πÑ‡∏°‡πà‡πÑ‡∏î‡πâ‡πÄ‡∏•‡∏¢ ‡∏ß‡∏±‡∏ô‡∏ô‡∏µ‡πâ‡πÄ‡∏≠‡∏∞‡πÉ‡∏à‡∏•‡∏≠‡∏á‡∏Å‡∏î‡∏Ñ‡∏≠‡∏ô‡∏≠‡∏∑‡πà‡∏ô‡∏î‡∏π ‡∏ó‡∏µ‡πà‡∏ß‡πà‡∏≤‡∏á‡πÄ‡∏¢‡∏≠‡∏∞‡∏°‡∏≤‡∏Å‚Ä¶
1933461368981909984,"RT @JUSTCALLMENINGG: (E! News)
#LISA @wearelloud ‡∏™‡∏°‡∏≤‡∏ä‡∏¥‡∏Å‡∏ß‡∏á BLACKPINK ‡∏Ñ‡∏∑‡∏≠‡∏ú‡∏π‡πâ‡∏à‡∏∏‡∏î‡∏Å‡∏£‡∏∞‡πÅ‡∏™‡∏Ñ‡∏ß‡∏≤‡∏°‡∏Ñ‡∏•‡∏±‡πà‡∏á‡πÑ‡∏Ñ‡∏•‡πâ‡πÄ‡∏à‡πâ‡∏≤ Labubu ‡∏ö‡∏ô‡πÇ‡∏•‡∏Å‡∏≠‡∏≠‡∏ô‡πÑ‡∏•‡∏ô‡πå 

‡∏Ñ‡∏ß‡∏≤‡∏°‡∏ä‡∏∑‡πà‡∏ô‡∏ä‡∏≠‡∏ö‡∏Ç‡∏≠‡∏á‡∏•‡∏¥‚Ä¶"
1933461362908557543,"RT @WBP1327__: ‡πÅ‡∏™‡∏î‡∏á‡∏ß‡πà‡∏≤‡∏¢‡∏±‡∏á‡∏°‡∏µ‡∏Å‡∏±‡πä‡∏Å‡πÄ‡∏≠‡∏≤‡πÑ‡∏ß‡πâ‡∏≠‡∏µ‡∏Å‡∏´‡∏£‡∏≠ ‡∏Ñ‡∏∑‡∏≠‡∏≠‡∏≤‡∏®‡∏±‡∏¢‡∏à‡∏±‡∏á‡∏´‡∏ß‡∏∞‡∏ä‡∏∏‡∏•‡∏°‡∏∏‡∏ô‡πÄ‡∏ß‡∏≠‡∏£‡πå ‡πÅ‡∏ï‡πà‡∏ñ‡πâ‡∏≤‡∏°‡∏É‡πÉ‡∏Ñ‡∏£‡∏¢‡∏±‡∏á‡πÑ‡∏°‡πà‡πÑ‡∏î‡πâ‡∏Å‡πá‡∏™‡∏π‡πâ‡∏≠‡∏µ‡∏Å‡∏™‡∏±‡∏Å‡∏ï‡∏±‡πâ‡∏á‡∏î‡∏π‡∏á‡∏µ‡∏ö ‡∏™‡∏π‡πâ‡πÑ‡∏õ‡∏î‡πà‡∏≤‡πÑ‡∏õ 

#DEADLINE_IN_BA‚Ä¶"
1933461361268490451,"RT @lesblinkot4: despu√©s de tiempo regres√≥ nuestro informante para darnos un spoiler sobre lo nuevo de BLACKPINK

ustedes qu√© creen que sig‚Ä¶"
